cycle,tracer_len,n_distinct,variant,strategy,run
1,35.6769,345.1816,base,RWI,2
2,19.88502,198.7828,base,RWI,2
3,18.403,185.032,base,RWI,2
4,18.8889,190.3048,base,RWI,2
5,18.8195,189.586,base,RWI,2
6,18.92752,189.92,base,RWI,2
7,18.9263,189.948,base,RWI,2
8,18.92632,190.0648,base,RWI,2
9,18.9233,189.798,base,RWI,2
10,18.86456,189.4452,base,RWI,2
11,18.8725,189.6396,base,RWI,2
12,18.90642,189.3612,base,RWI,2
13,18.86514,188.9112,base,RWI,2
14,19.39386,193.8152,base,RWI,2
15,18.914939999999998,189.07,base,RWI,2
16,18.960620000000002,189.5084,base,RWI,2
17,18.92364,189.6092,base,RWI,2
18,19.39218,193.4544,base,RWI,2
19,19.35118,193.3804,base,RWI,2
20,19.93528,198.5192,base,RWI,2
21,19.33132,192.8604,base,RWI,2
22,19.814320000000002,197.6496,base,RWI,2
23,19.8181,197.664,base,RWI,2
24,19.81154,197.2512,base,RWI,2
25,19.960739999999998,199.1744,base,RWI,2
26,19.32536,192.3752,base,RWI,2
27,18.840139999999998,188.292,base,RWI,2
28,18.87418,186.4312,base,RWI,2
29,18.91808,187.9884,base,RWI,2
30,19.26288,191.3516,base,RWI,2
1,35.580459999999995,344.9456,base,RWI,1
2,18.84194,188.8176,base,RWI,1
3,18.3342,184.2132,base,RWI,1
4,18.86308,189.5852,base,RWI,1
5,18.9225,190.9228,base,RWI,1
6,18.87408,189.5672,base,RWI,1
7,18.9143,190.1644,base,RWI,1
8,18.886979999999998,189.3556,base,RWI,1
9,19.33072,193.8584,base,RWI,1
10,19.4241,194.9972,base,RWI,1
11,18.87794,188.5896,base,RWI,1
12,19.34544,194.1408,base,RWI,1
13,18.821620000000003,188.2964,base,RWI,1
14,18.88074,188.3824,base,RWI,1
15,19.49026,194.444,base,RWI,1
16,19.400660000000002,193.116,base,RWI,1
17,18.8588,187.738,base,RWI,1
18,19.38042,193.2216,base,RWI,1
19,19.43676,194.6136,base,RWI,1
20,19.510579999999997,194.1584,base,RWI,1
21,18.921020000000002,188.5008,base,RWI,1
22,18.9703,188.176,base,RWI,1
23,18.91902,188.526,base,RWI,1
24,18.81994,187.544,base,RWI,1
25,18.84504,187.9588,base,RWI,1
26,18.92642,187.5944,base,RWI,1
27,18.87592,187.6516,base,RWI,1
28,19.38634,192.772,base,RWI,1
29,18.97136,188.6632,base,RWI,1
30,18.83994,187.1592,base,RWI,1
1,35.73962,345.5944,base,RWI,4
2,19.94302,199.4632,base,RWI,4
3,19.40384,196.1248,base,RWI,4
4,18.4523,186.1272,base,RWI,4
5,18.91106,191.386,base,RWI,4
6,18.42088,185.5472,base,RWI,4
7,18.3875,185.4464,base,RWI,4
8,19.331020000000002,194.9596,base,RWI,4
9,19.43992,195.6068,base,RWI,4
10,19.36702,194.638,base,RWI,4
11,19.7803,199.2068,base,RWI,4
12,19.95072,199.5276,base,RWI,4
13,19.88064,199.2028,base,RWI,4
14,19.41328,194.3184,base,RWI,4
15,19.86412,198.5832,base,RWI,4
16,19.414360000000002,194.27,base,RWI,4
17,19.88578,198.3856,base,RWI,4
18,19.3921,193.3672,base,RWI,4
19,19.352320000000002,192.9524,base,RWI,4
20,19.8815,197.9428,base,RWI,4
21,19.417460000000002,193.5828,base,RWI,4
22,19.44866,193.3424,base,RWI,4
23,19.276220000000002,190.772,base,RWI,4
24,19.31576,191.6844,base,RWI,4
25,19.36544,192.7112,base,RWI,4
26,19.443,193.0296,base,RWI,4
27,19.3906,192.4116,base,RWI,4
28,18.8876,186.8316,base,RWI,4
29,19.310879999999997,190.8636,base,RWI,4
30,19.37266,191.4952,base,RWI,4
1,35.842240000000004,345.5024,base,RWI,3
2,20.37864,203.21,base,RWI,3
3,18.99176,190.1876,base,RWI,3
4,18.90474,189.8964,base,RWI,3
5,18.92758,189.5504,base,RWI,3
6,18.98014,190.1528,base,RWI,3
7,19.42026,194.7108,base,RWI,3
8,18.8066,189.0012,base,RWI,3
9,19.46558,194.2572,base,RWI,3
10,19.462320000000002,194.9812,base,RWI,3
11,19.428160000000002,193.6124,base,RWI,3
12,19.453120000000002,194.2552,base,RWI,3
13,19.30224,192.9176,base,RWI,3
14,19.378439999999998,192.8868,base,RWI,3
15,19.948220000000003,199.1192,base,RWI,3
16,19.98708,198.7432,base,RWI,3
17,19.870620000000002,198.4668,base,RWI,3
18,19.83784,197.0436,base,RWI,3
19,19.76592,196.1,base,RWI,3
20,19.9534,198.598,base,RWI,3
21,19.8088,196.2032,base,RWI,3
22,19.879839999999998,197.3252,base,RWI,3
23,19.35688,191.4908,base,RWI,3
24,19.94182,197.2892,base,RWI,3
25,19.404239999999998,191.598,base,RWI,3
26,19.8541,196.372,base,RWI,3
27,19.81288,195.648,base,RWI,3
28,19.83408,195.936,base,RWI,3
29,19.8658,196.5192,base,RWI,3
30,19.96428,196.6212,base,RWI,3
1,35.683440000000004,344.7296,base,RW,1
2,19.80096,198.966,base,RW,1
3,18.38526,185.5488,base,RW,1
4,17.86378,180.8112,base,RW,1
5,18.3441,185.2216,base,RW,1
6,18.4078,186.5236,base,RW,1
7,18.91404,191.2588,base,RW,1
8,18.3773,185.7676,base,RW,1
9,17.9097,180.8484,base,RW,1
10,17.877760000000002,180.844,base,RW,1
11,17.82934,179.962,base,RW,1
12,16.8989,170.9992,base,RW,1
13,16.80924,170.7924,base,RW,1
14,16.8627,171.3636,base,RW,1
15,16.855,171.6396,base,RW,1
16,16.42764,167.4972,base,RW,1
17,15.905479999999999,161.9196,base,RW,1
18,15.3926,157.3816,base,RW,1
19,15.47688,158.3684,base,RW,1
20,14.4211,147.6224,base,RW,1
21,14.42854,148.6484,base,RW,1
22,14.88654,153.572,base,RW,1
23,14.47284,149.6676,base,RW,1
24,13.441139999999999,139.3252,base,RW,1
25,13.903839999999999,144.8048,base,RW,1
26,13.93346,145.2852,base,RW,1
27,12.92266,134.9516,base,RW,1
28,12.97002,136.3028,base,RW,1
29,12.958,136.1524,base,RW,1
30,12.96522,136.5424,base,RW,1
1,35.63302,345.29,base,RWI,5
2,19.3624,192.8384,base,RWI,5
3,19.33238,194.3976,base,RWI,5
4,19.373179999999998,194.146,base,RWI,5
5,18.91476,189.9136,base,RWI,5
6,19.96436,200.1484,base,RWI,5
7,18.93982,189.636,base,RWI,5
8,19.0241,190.192,base,RWI,5
9,19.3498,193.876,base,RWI,5
10,19.87406,198.3228,base,RWI,5
11,19.896639999999998,198.382,base,RWI,5
12,19.4567,194.3568,base,RWI,5
13,19.354860000000002,193.5796,base,RWI,5
14,19.40142,193.4424,base,RWI,5
15,19.41252,193.4792,base,RWI,5
16,19.3967,192.5984,base,RWI,5
17,19.4145,193.2308,base,RWI,5
18,18.87298,187.4332,base,RWI,5
19,18.88704,187.452,base,RWI,5
20,18.85434,187.778,base,RWI,5
21,18.86254,188.1444,base,RWI,5
22,18.9466,188.1004,base,RWI,5
23,18.95704,188.3532,base,RWI,5
24,18.87248,187.5376,base,RWI,5
25,19.43126,192.5756,base,RWI,5
26,19.43776,192.622,base,RWI,5
27,18.89978,187.3132,base,RWI,5
28,18.9143,187.4428,base,RWI,5
29,18.9049,186.6664,base,RWI,5
30,18.86372,187.1252,base,RWI,5
1,35.506440000000005,342.5484,base,RW,3
2,19.36274,193.7952,base,RW,3
3,19.34862,195.1056,base,RW,3
4,19.0006,191.474,base,RW,3
5,18.3848,185.6356,base,RW,3
6,18.34532,184.6436,base,RW,3
7,18.8696,190.9268,base,RW,3
8,18.37184,185.1384,base,RW,3
9,17.90306,180.9004,base,RW,3
10,17.9197,180.5488,base,RW,3
11,17.34488,174.9728,base,RW,3
12,16.89586,171.0612,base,RW,3
13,16.8616,171.176,base,RW,3
14,16.35294,165.8648,base,RW,3
15,16.41356,166.6464,base,RW,3
16,15.960139999999999,162.6404,base,RW,3
17,15.315179999999998,156.6372,base,RW,3
18,15.42106,157.4964,base,RW,3
19,14.89618,152.65,base,RW,3
20,14.33314,147.4956,base,RW,3
21,14.39432,147.9612,base,RW,3
22,13.881479999999998,143.5856,base,RW,3
23,13.957279999999999,145.0288,base,RW,3
24,13.46538,140.554,base,RW,3
25,13.4772,141.16,base,RW,3
26,13.00244,136.418,base,RW,3
27,12.90826,136.1556,base,RW,3
28,12.4047,131.3152,base,RW,3
29,11.9344,126.5092,base,RW,3
30,12.450280000000001,132.8132,base,RW,3
1,35.56452,343.5364,base,RW,2
2,19.88364,197.8248,base,RW,2
3,18.88738,189.806,base,RW,2
4,18.88336,189.3432,base,RW,2
5,18.42024,184.9508,base,RW,2
6,18.40674,184.8976,base,RW,2
7,18.399720000000002,185.326,base,RW,2
8,18.8892,190.1368,base,RW,2
9,18.91666,190.7536,base,RW,2
10,18.3584,184.9816,base,RW,2
11,17.9011,181.4504,base,RW,2
12,17.424879999999998,176.0368,base,RW,2
13,16.96154,171.6664,base,RW,2
14,16.36936,165.908,base,RW,2
15,16.44456,166.3532,base,RW,2
16,16.42294,167.3372,base,RW,2
17,16.002660000000002,163.728,base,RW,2
18,15.408920000000002,157.3724,base,RW,2
19,15.36796,157.53,base,RW,2
20,14.8811,152.4264,base,RW,2
21,14.40116,147.3552,base,RW,2
22,14.40218,147.7548,base,RW,2
23,14.47386,147.8228,base,RW,2
24,13.450420000000001,137.7812,base,RW,2
25,13.42288,138.0376,base,RW,2
26,13.41796,138.3704,base,RW,2
27,12.96544,133.5676,base,RW,2
28,13.39388,138.5312,base,RW,2
29,13.463220000000002,139.2476,base,RW,2
30,13.418079999999998,138.6424,base,RW,2
1,35.63584,342.8144,base,RW,4
2,20.318479999999997,203.9144,base,RW,4
3,18.406579999999998,186.2056,base,RW,4
4,17.8974,181.04,base,RW,4
5,17.84636,180.1836,base,RW,4
6,17.945320000000002,181.4072,base,RW,4
7,18.39692,186.4908,base,RW,4
8,17.84372,181.2368,base,RW,4
9,17.891560000000002,181.1572,base,RW,4
10,17.927020000000002,182.2664,base,RW,4
11,17.37238,176.56,base,RW,4
12,17.337,176.388,base,RW,4
13,16.944860000000002,171.7904,base,RW,4
14,16.8541,171.3948,base,RW,4
15,16.87964,171.9188,base,RW,4
16,16.34088,167.2976,base,RW,4
17,15.930060000000001,163.314,base,RW,4
18,15.427620000000001,158.8008,base,RW,4
19,14.42596,148.4676,base,RW,4
20,14.4641,149.57,base,RW,4
21,13.481639999999999,139.4624,base,RW,4
22,13.46234,140.1776,base,RW,4
23,13.473339999999999,140.8244,base,RW,4
24,13.453439999999999,140.5764,base,RW,4
25,12.97118,136.2144,base,RW,4
26,12.460560000000001,131.0676,base,RW,4
27,12.43186,131.768,base,RW,4
28,12.435139999999999,131.5584,base,RW,4
29,12.46454,132.4952,base,RW,4
30,12.46392,133.3956,base,RW,4
1,35.6605,343.768,base,RW,5
2,20.8145,207.9464,base,RW,5
3,19.37126,195.448,base,RW,5
4,19.81348,199.5184,base,RW,5
5,19.35504,195.4644,base,RW,5
6,18.90996,190.7572,base,RW,5
7,18.95936,191.7304,base,RW,5
8,18.31004,184.1852,base,RW,5
9,18.364420000000003,185.564,base,RW,5
10,17.41838,176.5808,base,RW,5
11,17.3101,175.1084,base,RW,5
12,17.85944,181.2632,base,RW,5
13,17.42762,177.2752,base,RW,5
14,16.90316,171.8348,base,RW,5
15,16.93962,172.3328,base,RW,5
16,16.4211,168.4468,base,RW,5
17,15.819120000000002,161.7212,base,RW,5
18,15.35948,157.0176,base,RW,5
19,14.91036,152.806,base,RW,5
20,14.4928,148.6224,base,RW,5
21,14.882520000000001,153.3372,base,RW,5
22,14.886679999999998,153.5996,base,RW,5
23,14.45062,149.1828,base,RW,5
24,13.886220000000002,143.404,base,RW,5
25,13.9671,144.3324,base,RW,5
26,13.940339999999999,144.6452,base,RW,5
27,13.889,144.2176,base,RW,5
28,13.94314,145.2396,base,RW,5
29,12.9468,135.6096,base,RW,5
30,12.95938,135.7112,base,RW,5
1,35.66748,343.0608,base,RWD,1
2,19.27384,192.5244,base,RWD,1
3,18.36948,184.78,base,RWD,1
4,18.28772,186.4796,base,RWD,1
5,16.87586,172.6728,base,RWD,1
6,15.432279999999999,160.8908,base,RWD,1
7,13.94126,147.2908,base,RWD,1
8,12.951239999999999,139.1932,base,RWD,1
9,11.50954,124.7088,base,RWD,1
10,11.4551,126.9804,base,RWD,1
11,10.003960000000001,111.904,base,RWD,1
12,9.48148,107.5828,base,RWD,1
13,9.52314,109.3424,base,RWD,1
14,8.979339999999999,105.0756,base,RWD,1
15,8.5351,100.5204,base,RWD,1
16,8.994860000000001,106.5788,base,RWD,1
17,7.9865,93.7448,base,RWD,1
18,7.9816,93.6092,base,RWD,1
19,8.00426,93.9516,base,RWD,1
20,7.9966800000000005,93.9432,base,RWD,1
21,7.976660000000001,93.5128,base,RWD,1
22,8.00418,94.2292,base,RWD,1
23,7.99586,94.1736,base,RWD,1
24,7.987480000000001,94.2384,base,RWD,1
25,8.006160000000001,94.4968,base,RWD,1
26,7.99764,94.5376,base,RWD,1
27,8.013760000000001,94.7508,base,RWD,1
28,8.00378,94.496,base,RWD,1
29,7.98158,94.1716,base,RWD,1
30,8.0036,94.534,base,RWD,1
1,35.6887,342.5352,base,RWD,2
2,20.2783,202.3228,base,RWD,2
3,19.36082,195.9816,base,RWD,2
4,18.327,187.0308,base,RWD,2
5,16.881120000000003,173.7616,base,RWD,2
6,13.9803,147.0016,base,RWD,2
7,12.42782,133.9424,base,RWD,2
8,11.48548,126.4236,base,RWD,2
9,10.49792,117.032,base,RWD,2
10,10.0054,113.0836,base,RWD,2
11,8.992939999999999,102.646,base,RWD,2
12,8.99878,103.5072,base,RWD,2
13,9.007439999999999,103.41,base,RWD,2
14,8.9829,103.218,base,RWD,2
15,9.006639999999999,103.7932,base,RWD,2
16,8.99852,103.612,base,RWD,2
17,9.48802,109.6892,base,RWD,2
18,8.98072,103.8236,base,RWD,2
19,9.0072,103.7768,base,RWD,2
20,9.45962,109.4784,base,RWD,2
21,9.4504,109.2144,base,RWD,2
22,9.5123,110.1656,base,RWD,2
23,8.9833,103.4244,base,RWD,2
24,8.97078,103.4544,base,RWD,2
25,9.005360000000001,103.802,base,RWD,2
26,8.97304,103.2048,base,RWD,2
27,9.53198,110.2736,base,RWD,2
28,9.00658,103.7452,base,RWD,2
29,9.48648,109.4168,base,RWD,2
30,9.47642,109.5968,base,RWD,2
1,35.58764,341.3688,base,RWD,3
2,19.82246,198.3676,base,RWD,3
3,18.87084,191.2224,base,RWD,3
4,18.3811,187.5172,base,RWD,3
5,17.395979999999998,180.724,base,RWD,3
6,14.525879999999999,153.6908,base,RWD,3
7,12.9876,140.5536,base,RWD,3
8,11.96026,130.7408,base,RWD,3
9,10.9456,121.324,base,RWD,3
10,9.89874,111.2912,base,RWD,3
11,9.47492,107.462,base,RWD,3
12,9.46642,108.5076,base,RWD,3
13,9.02386,103.2976,base,RWD,3
14,8.48862,98.0628,base,RWD,3
15,8.481580000000001,97.698,base,RWD,3
16,8.52012,98.2376,base,RWD,3
17,7.9892,91.7008,base,RWD,3
18,8.008239999999999,91.8624,base,RWD,3
19,7.99282,91.7956,base,RWD,3
20,7.98774,91.5604,base,RWD,3
21,7.975439999999999,91.5612,base,RWD,3
22,7.99096,91.6428,base,RWD,3
23,8.005339999999999,91.6952,base,RWD,3
24,7.984319999999999,91.552,base,RWD,3
25,7.97416,90.9268,base,RWD,3
26,7.992939999999999,91.5128,base,RWD,3
27,8.001339999999999,91.4884,base,RWD,3
28,7.97168,91.2512,base,RWD,3
29,7.95662,91.2092,base,RWD,3
30,8.00266,91.5904,base,RWD,3
1,35.774840000000005,344.6504,base,RWD,4
2,19.80412,197.23,base,RWD,4
3,18.38106,187.2348,base,RWD,4
4,16.9076,172.5208,base,RWD,4
5,15.86858,165.6384,base,RWD,4
6,14.44234,154.2352,base,RWD,4
7,12.48108,136.7208,base,RWD,4
8,11.528839999999999,128.4776,base,RWD,4
9,10.50636,118.88,base,RWD,4
10,10.4403,119.7816,base,RWD,4
11,10.00794,116.24,base,RWD,4
12,9.47504,110.9244,base,RWD,4
13,9.45744,111.7,base,RWD,4
14,8.99352,105.8464,base,RWD,4
15,8.99078,106.0208,base,RWD,4
16,8.99376,106.1848,base,RWD,4
17,8.97664,107.0188,base,RWD,4
18,8.98512,107.9084,base,RWD,4
19,8.4934,103.2532,base,RWD,4
20,8.48056,103.6916,base,RWD,4
21,8.50866,104.0312,base,RWD,4
22,7.9706,96.9076,base,RWD,4
23,8.50302,103.704,base,RWD,4
24,8.49772,103.91,base,RWD,4
25,8.4991,103.766,base,RWD,4
26,8.493960000000001,104.0696,base,RWD,4
27,9.0134,110.746,base,RWD,4
28,9.463239999999999,116.1912,base,RWD,4
29,9.0101,110.4448,base,RWD,4
30,8.498439999999999,104.1908,base,RWD,4
1,35.81284,344.9576,base,RWD,5
2,20.31566,202.4988,base,RWD,5
3,18.337,184.9808,base,RWD,5
4,18.34594,186.5812,base,RWD,5
5,17.38146,178.6052,base,RWD,5
6,14.938460000000001,156.6264,base,RWD,5
7,13.51876,145.0264,base,RWD,5
8,12.46566,136.6788,base,RWD,5
9,11.45674,127.6636,base,RWD,5
10,10.47552,117.7048,base,RWD,5
11,9.9523,113.5172,base,RWD,5
12,9.49462,109.602,base,RWD,5
13,9.00596,104.5976,base,RWD,5
14,8.98968,104.6624,base,RWD,5
15,9.00694,104.268,base,RWD,5
16,8.98698,104.3448,base,RWD,5
17,8.97964,104.1524,base,RWD,5
18,8.48136,98.0068,base,RWD,5
19,8.4714,97.994,base,RWD,5
20,8.53738,98.584,base,RWD,5
21,8.46604,97.6572,base,RWD,5
22,8.47742,97.6396,base,RWD,5
23,8.49538,97.6804,base,RWD,5
24,8.49196,97.73,base,RWD,5
25,8.52186,98.35,base,RWD,5
26,8.45844,97.4168,base,RWD,5
27,8.50182,97.9996,base,RWD,5
28,8.46592,97.7872,base,RWD,5
29,8.46776,97.8096,base,RWD,5
30,8.48296,97.916,base,RWD,5
1,35.62616,343.5004,base,N2Vp1q2,1
2,20.76426,198.2872,base,N2Vp1q2,1
3,19.79436,190.144,base,N2Vp1q2,1
4,18.78192,180.0912,base,N2Vp1q2,1
5,18.77498,178.7944,base,N2Vp1q2,1
6,18.7968,179.9132,base,N2Vp1q2,1
7,18.29346,174.8372,base,N2Vp1q2,1
8,18.36824,175.404,base,N2Vp1q2,1
9,18.268620000000002,175.0576,base,N2Vp1q2,1
10,17.32214,165.9212,base,N2Vp1q2,1
11,16.89234,162.0912,base,N2Vp1q2,1
12,16.83664,162.0856,base,N2Vp1q2,1
13,15.8661,152.0796,base,N2Vp1q2,1
14,15.876179999999998,153.4912,base,N2Vp1q2,1
15,14.870239999999999,143.9644,base,N2Vp1q2,1
16,14.840520000000001,143.9116,base,N2Vp1q2,1
17,14.40192,139.9776,base,N2Vp1q2,1
18,14.433,140.81,base,N2Vp1q2,1
19,13.887620000000002,136.3736,base,N2Vp1q2,1
20,13.953439999999999,137.4868,base,N2Vp1q2,1
21,13.44914,133.2336,base,N2Vp1q2,1
22,13.4085,133.1928,base,N2Vp1q2,1
23,12.881219999999999,128.2004,base,N2Vp1q2,1
24,12.398439999999999,124.0112,base,N2Vp1q2,1
25,12.43392,124.8336,base,N2Vp1q2,1
26,12.40932,124.978,base,N2Vp1q2,1
27,11.939680000000001,120.532,base,N2Vp1q2,1
28,11.45928,115.3756,base,N2Vp1q2,1
29,11.401819999999999,115.7168,base,N2Vp1q2,1
30,11.936580000000001,121.554,base,N2Vp1q2,1
1,35.549,343.0804,base,N2Vp1q2,2
2,20.2782,193.6272,base,N2Vp1q2,2
3,18.89086,180.7496,base,N2Vp1q2,2
4,18.41498,175.2248,base,N2Vp1q2,2
5,18.88404,180.4128,base,N2Vp1q2,2
6,18.3842,175.4248,base,N2Vp1q2,2
7,17.8949,170.3356,base,N2Vp1q2,2
8,17.39562,166.124,base,N2Vp1q2,2
9,17.35686,165.9024,base,N2Vp1q2,2
10,16.37256,156.7044,base,N2Vp1q2,2
11,16.827479999999998,161.1488,base,N2Vp1q2,2
12,16.85686,161.6688,base,N2Vp1q2,2
13,15.855979999999999,152.7836,base,N2Vp1q2,2
14,15.43304,148.6744,base,N2Vp1q2,2
15,14.88096,143.7168,base,N2Vp1q2,2
16,14.3103,138.8048,base,N2Vp1q2,2
17,13.9234,135.4032,base,N2Vp1q2,2
18,13.901760000000001,135.74,base,N2Vp1q2,2
19,13.40952,131.5156,base,N2Vp1q2,2
20,13.444,132.1532,base,N2Vp1q2,2
21,13.9237,137.074,base,N2Vp1q2,2
22,12.95328,127.5892,base,N2Vp1q2,2
23,12.91848,127.3048,base,N2Vp1q2,2
24,12.93728,127.4292,base,N2Vp1q2,2
25,12.962019999999999,127.8644,base,N2Vp1q2,2
26,12.47518,123.9044,base,N2Vp1q2,2
27,12.4343,123.6348,base,N2Vp1q2,2
28,12.43698,123.8728,base,N2Vp1q2,2
29,11.96682,119.4552,base,N2Vp1q2,2
30,12.00192,119.8228,base,N2Vp1q2,2
1,35.6017,344.5204,base,N2Vp1q2,3
2,20.238020000000002,192.1952,base,N2Vp1q2,3
3,19.345,185.0464,base,N2Vp1q2,3
4,19.3062,184.9432,base,N2Vp1q2,3
5,18.838079999999998,179.31,base,N2Vp1q2,3
6,18.82444,179.5072,base,N2Vp1q2,3
7,18.812379999999997,178.9016,base,N2Vp1q2,3
8,18.756079999999997,179.6024,base,N2Vp1q2,3
9,17.8196,170.1992,base,N2Vp1q2,3
10,17.31186,166.3452,base,N2Vp1q2,3
11,16.89464,161.7172,base,N2Vp1q2,3
12,16.35878,157.5516,base,N2Vp1q2,3
13,15.928560000000001,153.562,base,N2Vp1q2,3
14,15.393979999999999,149.0856,base,N2Vp1q2,3
15,14.93396,144.9556,base,N2Vp1q2,3
16,14.3965,139.7492,base,N2Vp1q2,3
17,14.42932,140.6408,base,N2Vp1q2,3
18,14.407379999999998,141.7004,base,N2Vp1q2,3
19,14.3863,141.5852,base,N2Vp1q2,3
20,13.86714,136.5812,base,N2Vp1q2,3
21,13.4175,132.7752,base,N2Vp1q2,3
22,12.9882,128.5672,base,N2Vp1q2,3
23,12.92418,128.3428,base,N2Vp1q2,3
24,12.44172,123.3564,base,N2Vp1q2,3
25,12.401,123.9108,base,N2Vp1q2,3
26,12.40966,124.1224,base,N2Vp1q2,3
27,12.45774,124.5888,base,N2Vp1q2,3
28,12.40296,124.6684,base,N2Vp1q2,3
29,12.42566,125.8256,base,N2Vp1q2,3
30,12.01972,120.9484,base,N2Vp1q2,3
1,35.513220000000004,341.4292,base,N2Vp1q2,4
2,20.32862,194.6668,base,N2Vp1q2,4
3,18.86564,180.5568,base,N2Vp1q2,4
4,19.35324,186.0124,base,N2Vp1q2,4
5,19.333460000000002,186.1044,base,N2Vp1q2,4
6,18.84204,180.1692,base,N2Vp1q2,4
7,18.35736,175.924,base,N2Vp1q2,4
8,18.28358,175.7716,base,N2Vp1q2,4
9,17.3355,166.8232,base,N2Vp1q2,4
10,17.326179999999997,167.566,base,N2Vp1q2,4
11,16.349520000000002,157.3272,base,N2Vp1q2,4
12,16.3638,158.2448,base,N2Vp1q2,4
13,15.85806,153.5592,base,N2Vp1q2,4
14,15.902339999999999,154.1212,base,N2Vp1q2,4
15,15.3066,149.1904,base,N2Vp1q2,4
16,15.45394,150.6112,base,N2Vp1q2,4
17,14.443320000000002,140.9308,base,N2Vp1q2,4
18,14.40046,141.828,base,N2Vp1q2,4
19,13.9628,137.7716,base,N2Vp1q2,4
20,13.401520000000001,132.4356,base,N2Vp1q2,4
21,12.9213,127.9356,base,N2Vp1q2,4
22,12.93812,128.6068,base,N2Vp1q2,4
23,12.891580000000001,128.2868,base,N2Vp1q2,4
24,12.95342,128.5968,base,N2Vp1q2,4
25,12.92174,129.4208,base,N2Vp1q2,4
26,12.95622,130.4068,base,N2Vp1q2,4
27,12.3987,125.2324,base,N2Vp1q2,4
28,12.46198,126.3576,base,N2Vp1q2,4
29,11.9497,120.888,base,N2Vp1q2,4
30,11.97364,121.4444,base,N2Vp1q2,4
1,35.43716,341.2904,base,N2Vp1q2,5
2,19.8671,187.724,base,N2Vp1q2,5
3,19.27036,183.6624,base,N2Vp1q2,5
4,19.30088,183.3972,base,N2Vp1q2,5
5,19.2902,184.9468,base,N2Vp1q2,5
6,18.8333,179.5456,base,N2Vp1q2,5
7,18.77056,179.42,base,N2Vp1q2,5
8,18.3109,174.286,base,N2Vp1q2,5
9,17.89892,172.122,base,N2Vp1q2,5
10,16.84432,161.2964,base,N2Vp1q2,5
11,16.84068,162.0088,base,N2Vp1q2,5
12,16.36086,157.1216,base,N2Vp1q2,5
13,15.874279999999999,152.5672,base,N2Vp1q2,5
14,15.8505,153.1808,base,N2Vp1q2,5
15,16.351879999999998,158.4784,base,N2Vp1q2,5
16,16.32744,159.51,base,N2Vp1q2,5
17,14.39284,140.422,base,N2Vp1q2,5
18,13.863979999999998,135.4152,base,N2Vp1q2,5
19,13.993879999999999,136.512,base,N2Vp1q2,5
20,12.92186,126.34,base,N2Vp1q2,5
21,13.425120000000001,131.9192,base,N2Vp1q2,5
22,12.96136,127.5064,base,N2Vp1q2,5
23,12.95262,128.6224,base,N2Vp1q2,5
24,12.95072,128.6968,base,N2Vp1q2,5
25,12.96188,129.4996,base,N2Vp1q2,5
26,12.48982,125.3384,base,N2Vp1q2,5
27,11.93706,119.6436,base,N2Vp1q2,5
28,12.48932,125.694,base,N2Vp1q2,5
29,12.453439999999999,125.6676,base,N2Vp1q2,5
30,11.98964,121.2504,base,N2Vp1q2,5
1,33.4476,361.22,base,SP,1
2,16.46744,183.388,base,SP,1
3,12.168560000000001,128.3468,base,SP,1
4,9.07282,91.1784,base,SP,1
5,6.83228,66.0712,base,SP,1
6,5.26262,50.8196,base,SP,1
7,4.24718,42.0152,base,SP,1
8,3.5126800000000005,36.0492,base,SP,1
9,2.64284,28.2588,base,SP,1
10,2.14118,23.0852,base,SP,1
11,2.0594799999999998,22.1884,base,SP,1
12,2.05836,22.1536,base,SP,1
13,2.05652,22.1332,base,SP,1
14,2.05734,22.1288,base,SP,1
15,2.05626,22.1256,base,SP,1
16,2.0571,22.1548,base,SP,1
17,2.0578399999999997,22.1456,base,SP,1
18,2.05756,22.1692,base,SP,1
19,2.0575799999999997,22.1708,base,SP,1
20,2.0573599999999996,22.1456,base,SP,1
21,2.05776,22.1392,base,SP,1
22,2.05668,22.1484,base,SP,1
23,2.05762,22.1532,base,SP,1
24,2.05734,22.1516,base,SP,1
25,2.0568,22.1496,base,SP,1
26,2.0576399999999997,22.1664,base,SP,1
27,2.05816,22.1596,base,SP,1
28,2.05868,22.1756,base,SP,1
29,2.05832,22.1648,base,SP,1
30,2.05666,22.1448,base,SP,1
1,33.37546,362.9108,base,SP,2
2,16.36326,181.27,base,SP,2
3,12.52626,133.9276,base,SP,2
4,9.05434,94.118,base,SP,2
5,6.13212,62.9856,base,SP,2
6,4.05772,40.7856,base,SP,2
7,2.83092,29.156,base,SP,2
8,2.19794,23.5532,base,SP,2
9,2.0936,22.3988,base,SP,2
10,2.0914599999999997,22.3756,base,SP,2
11,2.0916200000000003,22.3404,base,SP,2
12,2.0908599999999997,22.3224,base,SP,2
13,2.09248,22.3632,base,SP,2
14,2.09436,22.3748,base,SP,2
15,2.09198,22.3656,base,SP,2
16,2.09292,22.3828,base,SP,2
17,2.09102,22.3456,base,SP,2
18,2.09212,22.3696,base,SP,2
19,2.0916200000000003,22.3504,base,SP,2
20,2.0916799999999998,22.3604,base,SP,2
21,2.09264,22.3816,base,SP,2
22,2.09368,22.398,base,SP,2
23,2.09278,22.3588,base,SP,2
24,2.09268,22.3788,base,SP,2
25,2.09226,22.36,base,SP,2
26,2.09184,22.358,base,SP,2
27,2.09196,22.3664,base,SP,2
28,2.0933599999999997,22.39,base,SP,2
29,2.09052,22.3384,base,SP,2
30,2.09246,22.3916,base,SP,2
1,33.459720000000004,362.37,base,SP,3
2,16.25052,175.7136,base,SP,3
3,11.9624,127.5672,base,SP,3
4,8.80642,88.6412,base,SP,3
5,6.109319999999999,62.1736,base,SP,3
6,4.33744,44.138,base,SP,3
7,2.98578,31.3936,base,SP,3
8,2.1691599999999998,23.2296,base,SP,3
9,2.05726,22.026,base,SP,3
10,2.0569599999999997,22.0516,base,SP,3
11,2.05604,22.018,base,SP,3
12,2.05728,22.0528,base,SP,3
13,2.05578,22.0208,base,SP,3
14,2.0579,22.046,base,SP,3
15,2.05682,22.0276,base,SP,3
16,2.0563,22.0288,base,SP,3
17,2.05652,22.0336,base,SP,3
18,2.05516,22.0016,base,SP,3
19,2.05718,22.0272,base,SP,3
20,2.05678,22.0496,base,SP,3
21,2.05702,22.0508,base,SP,3
22,2.0574,22.0348,base,SP,3
23,2.0576399999999997,22.0548,base,SP,3
24,2.05762,22.044,base,SP,3
25,2.05734,22.0276,base,SP,3
26,2.0556799999999997,22.0348,base,SP,3
27,2.05884,22.092,base,SP,3
28,2.05688,22.0196,base,SP,3
29,2.0565,22.008,base,SP,3
30,2.05632,22.02,base,SP,3
1,33.4433,361.9344,base,SP,5
2,16.543979999999998,183.2584,base,SP,5
3,12.26062,135.44,base,SP,5
4,9.5994,100.1864,base,SP,5
5,6.966639999999999,70.9624,base,SP,5
6,4.9374400000000005,48.6456,base,SP,5
7,3.28746,32.0928,base,SP,5
8,2.34616,24.6332,base,SP,5
9,2.09936,22.5588,base,SP,5
10,2.09204,22.5004,base,SP,5
11,2.0941,22.5224,base,SP,5
12,2.0939200000000002,22.508,base,SP,5
13,2.0937,22.5184,base,SP,5
14,2.0939200000000002,22.5152,base,SP,5
15,2.09346,22.5108,base,SP,5
16,2.09238,22.4796,base,SP,5
17,2.09318,22.5084,base,SP,5
18,2.09458,22.5652,base,SP,5
19,2.09348,22.522,base,SP,5
20,2.09686,22.5776,base,SP,5
21,2.0923,22.5108,base,SP,5
22,2.09538,22.5548,base,SP,5
23,2.09482,22.564,base,SP,5
24,2.09362,22.51,base,SP,5
25,2.0944599999999998,22.5344,base,SP,5
26,2.094,22.5344,base,SP,5
27,2.0944399999999996,22.5396,base,SP,5
28,2.0943,22.5304,base,SP,5
29,2.09198,22.5012,base,SP,5
30,2.09368,22.5352,base,SP,5
1,33.384159999999994,362.364,base,SP,4
2,16.62866,184.1844,base,SP,4
3,12.37726,134.2836,base,SP,4
4,9.44834,96.468,base,SP,4
5,6.938680000000001,69.4376,base,SP,4
6,4.89454,48.332,base,SP,4
7,3.57162,34.6176,base,SP,4
8,2.78694,27.8416,base,SP,4
9,2.46484,25.0848,base,SP,4
10,2.26664,23.87,base,SP,4
11,2.1316,23.1056,base,SP,4
12,2.0925599999999998,22.7452,base,SP,4
13,2.08068,22.6404,base,SP,4
14,2.0779,22.5808,base,SP,4
15,2.07208,22.4848,base,SP,4
16,2.06976,22.49,base,SP,4
17,2.0685599999999997,22.4668,base,SP,4
18,2.0695799999999998,22.4868,base,SP,4
19,2.06608,22.4208,base,SP,4
20,2.06712,22.4184,base,SP,4
21,2.0696399999999997,22.4732,base,SP,4
22,2.0693200000000003,22.4856,base,SP,4
23,2.0685399999999996,22.4604,base,SP,4
24,2.06732,22.452,base,SP,4
25,2.06914,22.4664,base,SP,4
26,2.0673399999999997,22.4548,base,SP,4
27,2.0678799999999997,22.4608,base,SP,4
28,2.0674,22.456,base,SP,4
29,2.06808,22.4552,base,SP,4
30,2.07002,22.4744,base,SP,4
1,33.36034,411.1816,base,CR,1
2,19.796020000000002,244.5868,base,CR,1
3,19.3871,252.7672,base,CR,1
4,19.61644,263.4804,base,CR,1
5,20.05752,274.7896,base,CR,1
6,20.3056,282.4892,base,CR,1
7,20.00702,279.614,base,CR,1
8,19.99664,281.8156,base,CR,1
9,19.95676,283.7012,base,CR,1
10,19.9455,284.9112,base,CR,1
11,19.78406,284.3416,base,CR,1
12,19.5324,280.2252,base,CR,1
13,19.6023,283.1716,base,CR,1
14,19.75692,287.6356,base,CR,1
15,19.8487,289.03,base,CR,1
16,19.74118,288.7136,base,CR,1
17,19.68358,288.5592,base,CR,1
18,19.57548,288.0368,base,CR,1
19,19.5435,288.2324,base,CR,1
20,19.706120000000002,291.9716,base,CR,1
21,19.88484,295.4616,base,CR,1
22,19.768620000000002,294.0204,base,CR,1
23,19.780620000000003,294.2948,base,CR,1
24,19.85282,295.8288,base,CR,1
25,19.91292,297.9352,base,CR,1
26,19.92814,298.8296,base,CR,1
27,19.98378,300.5436,base,CR,1
28,19.91844,300.202,base,CR,1
29,19.79812,298.6812,base,CR,1
30,19.60002,296.0704,base,CR,1
1,33.50456,412.0788,base,CR,2
2,19.74606,243.8896,base,CR,2
3,19.35292,252.7348,base,CR,2
4,19.88938,268.5528,base,CR,2
5,20.16102,277.068,base,CR,2
6,19.96264,276.8228,base,CR,2
7,20.03254,281.248,base,CR,2
8,19.83912,279.3472,base,CR,2
9,19.83906,281.7012,base,CR,2
10,19.88326,284.0708,base,CR,2
11,19.8948,285.8692,base,CR,2
12,19.9862,288.404,base,CR,2
13,19.976,289.8408,base,CR,2
14,19.76546,287.4416,base,CR,2
15,19.47604,284.282,base,CR,2
16,19.64164,287.4252,base,CR,2
17,19.68778,289.5416,base,CR,2
18,19.580679999999997,288.2536,base,CR,2
19,19.73,292.1324,base,CR,2
20,19.5863,291.094,base,CR,2
21,20.019820000000003,298.316,base,CR,2
22,19.6511,293.7588,base,CR,2
23,19.63484,293.5016,base,CR,2
24,19.75946,297.2448,base,CR,2
25,19.6464,294.7952,base,CR,2
26,19.7444,296.706,base,CR,2
27,19.83876,299.4892,base,CR,2
28,19.6926,297.3796,base,CR,2
29,19.60724,296.996,base,CR,2
30,19.513679999999997,295.8216,base,CR,2
1,33.413959999999996,412.3984,base,CR,3
2,19.5954,242.6896,base,CR,3
3,19.2362,251.064,base,CR,3
4,19.75212,265.6468,base,CR,3
5,19.918979999999998,272.8724,base,CR,3
6,20.152179999999998,280.554,base,CR,3
7,20.13456,282.7008,base,CR,3
8,20.09368,284.1312,base,CR,3
9,20.1121,287.2208,base,CR,3
10,19.9981,287.2856,base,CR,3
11,19.781679999999998,284.804,base,CR,3
12,19.86606,287.7772,base,CR,3
13,19.78954,287.3916,base,CR,3
14,19.888560000000002,291.4028,base,CR,3
15,19.82878,291.3116,base,CR,3
16,19.6796,290.0716,base,CR,3
17,19.5442,288.3436,base,CR,3
18,19.742420000000003,292.25,base,CR,3
19,19.68604,291.7264,base,CR,3
20,19.40822,288.7876,base,CR,3
21,19.609939999999998,292.2472,base,CR,3
22,19.5428,291.8428,base,CR,3
23,19.52542,292.1316,base,CR,3
24,19.62568,294.6644,base,CR,3
25,19.5308,293.286,base,CR,3
26,19.496679999999998,294.1128,base,CR,3
27,19.49794,294.972,base,CR,3
28,19.43854,293.7804,base,CR,3
29,19.620820000000002,296.8824,base,CR,3
30,19.6492,299.0508,base,CR,3
1,33.236259999999994,410.3076,base,CR,4
2,19.86678,245.8376,base,CR,4
3,19.49326,254.0876,base,CR,4
4,19.79368,267.1368,base,CR,4
5,20.03108,274.3908,base,CR,4
6,20.05614,277.7,base,CR,4
7,20.04958,280.0212,base,CR,4
8,20.182660000000002,284.4444,base,CR,4
9,20.0142,284.0492,base,CR,4
10,20.08014,285.808,base,CR,4
11,20.12454,288.5188,base,CR,4
12,20.02648,289.3592,base,CR,4
13,20.0344,290.0088,base,CR,4
14,19.93892,290.2968,base,CR,4
15,20.05854,292.9108,base,CR,4
16,19.9385,292.1468,base,CR,4
17,19.95184,293.5004,base,CR,4
18,19.620620000000002,288.4228,base,CR,4
19,19.70232,290.6148,base,CR,4
20,19.8866,294.7196,base,CR,4
21,19.819779999999998,294.6272,base,CR,4
22,19.74344,294.1352,base,CR,4
23,19.837239999999998,295.8196,base,CR,4
24,19.63668,293.5012,base,CR,4
25,19.7526,295.2272,base,CR,4
26,19.735879999999998,296.8024,base,CR,4
27,19.672179999999997,295.6848,base,CR,4
28,19.62056,295.2616,base,CR,4
29,19.77572,299.3932,base,CR,4
30,19.5771,296.274,base,CR,4
1,33.347120000000004,410.9484,base,CR,5
2,19.744979999999998,243.4772,base,CR,5
3,19.529239999999998,254.05,base,CR,5
4,19.80024,265.5684,base,CR,5
5,20.00582,273.93,base,CR,5
6,20.210420000000003,280.3548,base,CR,5
7,20.1661,283.222,base,CR,5
8,20.04006,283.9152,base,CR,5
9,20.13526,286.3752,base,CR,5
10,19.99028,286.5172,base,CR,5
11,20.06608,288.932,base,CR,5
12,20.08182,290.7832,base,CR,5
13,19.96426,290.9204,base,CR,5
14,20.121779999999998,294.8292,base,CR,5
15,20.19404,295.9312,base,CR,5
16,20.12358,296.302,base,CR,5
17,20.03952,295.7088,base,CR,5
18,19.88198,293.3908,base,CR,5
19,19.78922,293.4864,base,CR,5
20,19.8211,295.378,base,CR,5
21,19.542379999999998,292.1392,base,CR,5
22,19.7721,295.9692,base,CR,5
23,19.65036,294.1672,base,CR,5
24,19.588,294.538,base,CR,5
25,19.71552,296.6404,base,CR,5
26,19.591820000000002,295.6424,base,CR,5
27,19.50078,294.3644,base,CR,5
28,19.664279999999998,297.6208,base,CR,5
29,19.63554,297.7296,base,CR,5
30,19.69848,299.5896,base,CR,5
1,35.809979999999996,345.9324,thr0,RWI,1
2,19.8465,197.7476,thr0,RWI,1
3,16.98968,176.1008,thr0,RWI,1
4,16.484779999999997,173.2136,thr0,RWI,1
5,15.99896,168.8536,thr0,RWI,1
6,15.46654,164.3784,thr0,RWI,1
7,15.5056,165.0784,thr0,RWI,1
8,14.99218,160.688,thr0,RWI,1
9,15.96732,171.6816,thr0,RWI,1
10,15.49988,167.6092,thr0,RWI,1
11,14.9752,160.124,thr0,RWI,1
12,15.026079999999999,160.8548,thr0,RWI,1
13,14.954239999999999,160.0928,thr0,RWI,1
14,14.96098,161.1704,thr0,RWI,1
15,14.96766,161.72,thr0,RWI,1
16,15.497779999999999,168.2968,thr0,RWI,1
17,15.5548,168.4672,thr0,RWI,1
18,14.506979999999999,157.566,thr0,RWI,1
19,14.985439999999999,162.3264,thr0,RWI,1
20,14.987879999999999,162.202,thr0,RWI,1
21,15.502,168.2284,thr0,RWI,1
22,15.489360000000001,166.7828,thr0,RWI,1
23,14.5268,156.5556,thr0,RWI,1
24,14.459779999999999,155.5708,thr0,RWI,1
25,15.426960000000001,166.0292,thr0,RWI,1
26,15.46306,166.0912,thr0,RWI,1
27,15.502579999999998,167.1624,thr0,RWI,1
28,14.98044,161.042,thr0,RWI,1
29,15.011420000000001,161.9104,thr0,RWI,1
30,15.03316,162.0988,thr0,RWI,1
1,35.5614,344.47,thr0,RWI,2
2,20.86222,208.0008,thr0,RWI,2
3,17.485120000000002,180.3672,thr0,RWI,2
4,16.43808,172.1076,thr0,RWI,2
5,16.4332,174.04,thr0,RWI,2
6,15.44926,164.836,thr0,RWI,2
7,15.50576,165.8256,thr0,RWI,2
8,15.571520000000001,166.8076,thr0,RWI,2
9,15.033579999999999,161.2308,thr0,RWI,2
10,15.53362,167.3496,thr0,RWI,2
11,15.541160000000001,167.4512,thr0,RWI,2
12,14.436960000000001,156.2452,thr0,RWI,2
13,14.503260000000001,156.174,thr0,RWI,2
14,15.435020000000002,165.7492,thr0,RWI,2
15,14.99414,162.2388,thr0,RWI,2
16,15.032520000000002,162.4028,thr0,RWI,2
17,14.947020000000002,161.804,thr0,RWI,2
18,15.0022,162.7944,thr0,RWI,2
19,14.9758,162.004,thr0,RWI,2
20,14.5108,156.6612,thr0,RWI,2
21,14.973679999999998,162.1596,thr0,RWI,2
22,15.44486,167.2564,thr0,RWI,2
23,15.00262,161.6824,thr0,RWI,2
24,14.94832,160.8472,thr0,RWI,2
25,14.970379999999999,162.3608,thr0,RWI,2
26,14.971179999999999,162.1184,thr0,RWI,2
27,15.017420000000001,162.5868,thr0,RWI,2
28,14.97936,161.1844,thr0,RWI,2
29,14.982679999999998,161.9164,thr0,RWI,2
30,14.49102,156.544,thr0,RWI,2
1,35.551559999999995,343.4668,thr0,RWI,3
2,20.28368,202.3916,thr0,RWI,3
3,17.45202,181.5008,thr0,RWI,3
4,16.51442,173.4224,thr0,RWI,3
5,16.41996,174.0016,thr0,RWI,3
6,16.0256,170.3088,thr0,RWI,3
7,14.89506,159.4584,thr0,RWI,3
8,14.982660000000001,161.8324,thr0,RWI,3
9,15.45612,167.1388,thr0,RWI,3
10,15.010539999999999,161.8616,thr0,RWI,3
11,14.98926,161.538,thr0,RWI,3
12,14.9746,161.9484,thr0,RWI,3
13,14.4676,157.1328,thr0,RWI,3
14,14.49816,157.972,thr0,RWI,3
15,14.479339999999999,157.7048,thr0,RWI,3
16,15.032760000000001,163.1516,thr0,RWI,3
17,14.4903,157.462,thr0,RWI,3
18,15.00356,162.27,thr0,RWI,3
19,13.986720000000002,151.5832,thr0,RWI,3
20,14.03716,152.8148,thr0,RWI,3
21,14.059,151.3704,thr0,RWI,3
22,14.5401,156.484,thr0,RWI,3
23,14.5038,156.8884,thr0,RWI,3
24,15.009020000000001,161.072,thr0,RWI,3
25,14.43692,155.3772,thr0,RWI,3
26,15.00896,162.1672,thr0,RWI,3
27,14.481620000000001,155.62,thr0,RWI,3
28,15.01472,161.3052,thr0,RWI,3
29,15.00274,161.4732,thr0,RWI,3
30,15.036220000000002,162.4048,thr0,RWI,3
1,35.56416,343.774,thr0,RWI,4
2,19.374979999999997,192.3052,thr0,RWI,4
3,17.97952,185.3204,thr0,RWI,4
4,17.41516,182.0984,thr0,RWI,4
5,15.56318,165.1648,thr0,RWI,4
6,15.04256,160.3804,thr0,RWI,4
7,15.47614,165.746,thr0,RWI,4
8,15.022120000000001,160.97,thr0,RWI,4
9,14.9536,159.728,thr0,RWI,4
10,15.47654,166.2132,thr0,RWI,4
11,14.4927,155.7664,thr0,RWI,4
12,15.00588,159.9332,thr0,RWI,4
13,15.042079999999999,161.246,thr0,RWI,4
14,15.009139999999999,160.9928,thr0,RWI,4
15,15.03646,160.5488,thr0,RWI,4
16,15.0043,160.64,thr0,RWI,4
17,14.92518,161.12,thr0,RWI,4
18,14.96604,162.2456,thr0,RWI,4
19,13.985120000000002,151.508,thr0,RWI,4
20,14.5369,156.8252,thr0,RWI,4
21,14.5321,156.8944,thr0,RWI,4
22,14.90124,161.5348,thr0,RWI,4
23,14.48054,156.8744,thr0,RWI,4
24,14.57976,157.1872,thr0,RWI,4
25,14.99226,162.576,thr0,RWI,4
26,14.471260000000001,157.0028,thr0,RWI,4
27,14.97352,162.2032,thr0,RWI,4
28,15.507439999999999,167.8324,thr0,RWI,4
29,14.93878,161.2212,thr0,RWI,4
30,14.517560000000001,156.454,thr0,RWI,4
1,35.57798,344.4984,thr0,RWI,5
2,19.35576,192.6904,thr0,RWI,5
3,17.478279999999998,181.5104,thr0,RWI,5
4,17.44134,183.7032,thr0,RWI,5
5,16.480620000000002,174.1116,thr0,RWI,5
6,15.924879999999998,169.5452,thr0,RWI,5
7,14.9992,160.4152,thr0,RWI,5
8,14.988439999999999,161.2676,thr0,RWI,5
9,15.50172,165.7408,thr0,RWI,5
10,14.9602,160.9212,thr0,RWI,5
11,15.0294,161.1864,thr0,RWI,5
12,14.9827,161.3508,thr0,RWI,5
13,15.515320000000001,166.652,thr0,RWI,5
14,15.461839999999999,166.4796,thr0,RWI,5
15,15.45696,165.7116,thr0,RWI,5
16,15.504979999999998,166.5072,thr0,RWI,5
17,15.459539999999999,166.3144,thr0,RWI,5
18,14.5074,156.6948,thr0,RWI,5
19,14.455620000000001,155.7092,thr0,RWI,5
20,14.52072,156.3316,thr0,RWI,5
21,14.9427,161.376,thr0,RWI,5
22,14.95992,161.9624,thr0,RWI,5
23,14.007979999999998,151.7292,thr0,RWI,5
24,14.4865,157.3264,thr0,RWI,5
25,14.47592,157.2104,thr0,RWI,5
26,14.4959,156.8512,thr0,RWI,5
27,15.0184,162.2224,thr0,RWI,5
28,14.024939999999999,151.9944,thr0,RWI,5
29,14.4492,155.8048,thr0,RWI,5
30,14.97214,160.8732,thr0,RWI,5
1,35.49322,342.4092,thr0,RW,1
2,20.759420000000002,207.234,thr0,RW,1
3,17.474120000000003,182.2804,thr0,RW,1
4,16.97082,180.1992,thr0,RW,1
5,14.9584,161.0156,thr0,RW,1
6,13.9649,152.8952,thr0,RW,1
7,13.50774,149.1684,thr0,RW,1
8,11.948160000000001,133.232,thr0,RW,1
9,10.9757,123.97,thr0,RW,1
10,10.0159,113.894,thr0,RW,1
11,10.0401,115.2888,thr0,RW,1
12,8.98144,104.1888,thr0,RW,1
13,8.5111,99.1832,thr0,RW,1
14,8.513860000000001,99.3332,thr0,RW,1
15,7.5074,88.2164,thr0,RW,1
16,7.9968,94.5432,thr0,RW,1
17,8.03058,95.6512,thr0,RW,1
18,7.5036,89.8504,thr0,RW,1
19,7.9828,95.8236,thr0,RW,1
20,6.986160000000001,83.2828,thr0,RW,1
21,7.49558,90.5368,thr0,RW,1
22,7.4952,90.7788,thr0,RW,1
23,6.50702,78.3672,thr0,RW,1
24,6.98462,84.704,thr0,RW,1
25,6.4941,78.1512,thr0,RW,1
26,6.49064,78.3848,thr0,RW,1
27,6.499219999999999,78.864,thr0,RW,1
28,6.48794,79.0264,thr0,RW,1
29,6.98022,85.652,thr0,RW,1
30,6.47926,78.8024,thr0,RW,1
1,35.79614,344.54,thr0,RW,2
2,20.7837,208.2084,thr0,RW,2
3,17.9943,187.7616,thr0,RW,2
4,16.0132,170.3484,thr0,RW,2
5,14.433,156.28,thr0,RW,2
6,13.535979999999999,147.1256,thr0,RW,2
7,12.9853,141.9028,thr0,RW,2
8,12.455639999999999,137.9556,thr0,RW,2
9,12.021180000000001,132.8928,thr0,RW,2
10,11.447280000000001,127.634,thr0,RW,2
11,11.4991,128.7668,thr0,RW,2
12,10.46814,119.1388,thr0,RW,2
13,9.0288,103.58,thr0,RW,2
14,9.027619999999999,104.7248,thr0,RW,2
15,8.99736,104.8648,thr0,RW,2
16,8.52484,100.19,thr0,RW,2
17,7.5156600000000005,88.9208,thr0,RW,2
18,7.48738,88.8368,thr0,RW,2
19,7.469119999999999,89.3584,thr0,RW,2
20,7.00052,83.76,thr0,RW,2
21,7.011760000000001,83.5368,thr0,RW,2
22,6.5005,77.0856,thr0,RW,2
23,7.000439999999999,83.7656,thr0,RW,2
24,7.011419999999999,84.2852,thr0,RW,2
25,6.99958,84.346,thr0,RW,2
26,6.4748,77.5444,thr0,RW,2
27,6.4743,77.6616,thr0,RW,2
28,6.51352,78.2104,thr0,RW,2
29,6.503,77.946,thr0,RW,2
30,6.4988,77.9052,thr0,RW,2
1,35.503679999999996,342.1732,thr0,RW,3
2,19.85452,198.4728,thr0,RW,3
3,16.4131,171.0756,thr0,RW,3
4,15.40996,164.3108,thr0,RW,3
5,14.48024,156.4612,thr0,RW,3
6,14.0063,151.9396,thr0,RW,3
7,13.49974,148.26,thr0,RW,3
8,12.9077,142.7972,thr0,RW,3
9,11.488539999999999,128.4684,thr0,RW,3
10,10.95316,124.3096,thr0,RW,3
11,9.47028,107.8564,thr0,RW,3
12,9.46976,109.3836,thr0,RW,3
13,8.981819999999999,104.992,thr0,RW,3
14,9.01854,106.3592,thr0,RW,3
15,8.53628,101.328,thr0,RW,3
16,8.504560000000001,101.6484,thr0,RW,3
17,7.9951,95.4724,thr0,RW,3
18,7.487239999999999,90.1704,thr0,RW,3
19,7.481660000000001,90.2936,thr0,RW,3
20,7.4699,90.8904,thr0,RW,3
21,6.4843,78.2344,thr0,RW,3
22,6.97222,84.4268,thr0,RW,3
23,6.49524,78.7632,thr0,RW,3
24,7.4763,91.8196,thr0,RW,3
25,6.49608,79.0588,thr0,RW,3
26,7.023219999999999,86.526,thr0,RW,3
27,6.50962,79.5644,thr0,RW,3
28,6.49866,79.1884,thr0,RW,3
29,6.48758,79.0512,thr0,RW,3
30,6.5056199999999995,79.258,thr0,RW,3
1,35.58992,342.4904,thr0,RW,4
2,20.3598,202.5636,thr0,RW,4
3,16.5161,172.0812,thr0,RW,4
4,15.97424,168.8052,thr0,RW,4
5,14.9635,159.6048,thr0,RW,4
6,14.472879999999998,156.1164,thr0,RW,4
7,13.46778,146.862,thr0,RW,4
8,11.960980000000001,132.2932,thr0,RW,4
9,12.47752,139.0912,thr0,RW,4
10,10.978480000000001,122.982,thr0,RW,4
11,10.44228,117.9972,thr0,RW,4
12,10.004560000000001,113.6824,thr0,RW,4
13,8.96256,102.8968,thr0,RW,4
14,9.02492,104.234,thr0,RW,4
15,9.02034,104.6752,thr0,RW,4
16,8.48674,99.4972,thr0,RW,4
17,7.98124,93.8536,thr0,RW,4
18,7.50892,88.4196,thr0,RW,4
19,7.49264,88.558,thr0,RW,4
20,7.47894,88.742,thr0,RW,4
21,7.4691,88.9,thr0,RW,4
22,7.5030399999999995,89.7464,thr0,RW,4
23,7.4988,90.2296,thr0,RW,4
24,6.9815,83.9584,thr0,RW,4
25,6.49334,77.5288,thr0,RW,4
26,6.9877,84.2964,thr0,RW,4
27,6.972580000000001,83.9356,thr0,RW,4
28,7.0061800000000005,84.5492,thr0,RW,4
29,7.005839999999999,84.9632,thr0,RW,4
30,6.5017,78.278,thr0,RW,4
1,35.68716,343.896,thr0,RW,5
2,20.84562,208.6736,thr0,RW,5
3,17.487379999999998,182.0016,thr0,RW,5
4,15.432520000000002,163.8408,thr0,RW,5
5,14.48748,155.8604,thr0,RW,5
6,13.41784,145.854,thr0,RW,5
7,13.428379999999999,147.082,thr0,RW,5
8,12.541780000000001,138.432,thr0,RW,5
9,11.52218,128.9164,thr0,RW,5
10,11.0066,123.5488,thr0,RW,5
11,10.49606,119.8576,thr0,RW,5
12,9.95754,113.8252,thr0,RW,5
13,9.50624,110.0932,thr0,RW,5
14,9.031839999999999,105.6768,thr0,RW,5
15,9.022219999999999,106.4328,thr0,RW,5
16,7.9790600000000005,94.5552,thr0,RW,5
17,7.4849,89.212,thr0,RW,5
18,7.5063,89.648,thr0,RW,5
19,7.4767600000000005,89.608,thr0,RW,5
20,7.4952,90.6056,thr0,RW,5
21,6.9693,84.126,thr0,RW,5
22,7.011,84.9604,thr0,RW,5
23,7.00522,85.1996,thr0,RW,5
24,7.02566,85.5388,thr0,RW,5
25,6.497380000000001,78.7452,thr0,RW,5
26,7.0066,86.0472,thr0,RW,5
27,6.99878,86.2688,thr0,RW,5
28,6.52166,79.6856,thr0,RW,5
29,6.494619999999999,79.8404,thr0,RW,5
30,6.50396,80.074,thr0,RW,5
1,35.4836,341.3872,thr0,RWD,1
2,19.91078,198.9284,thr0,RWD,1
3,16.49008,172.4844,thr0,RWD,1
4,13.496220000000001,148.266,thr0,RWD,1
5,9.98806,117.1788,thr0,RWD,1
6,7.98574,96.144,thr0,RWD,1
7,6.50478,76.0148,thr0,RWD,1
8,5.00914,54.8376,thr0,RWD,1
9,4.5065599999999995,47.0828,thr0,RWD,1
10,4.00096,42.0604,thr0,RWD,1
11,3.99634,40.9452,thr0,RWD,1
12,3.50662,34.4764,thr0,RWD,1
13,3.49494,33.6496,thr0,RWD,1
14,3.49206,33.932,thr0,RWD,1
15,3.5056800000000004,33.3716,thr0,RWD,1
16,3.5036400000000003,33.826,thr0,RWD,1
17,3.5056,33.5356,thr0,RWD,1
18,3.4949199999999996,33.592,thr0,RWD,1
19,3.49678,33.214,thr0,RWD,1
20,3.5027199999999996,33.8984,thr0,RWD,1
21,3.5077,33.2868,thr0,RWD,1
22,3.4975,33.8644,thr0,RWD,1
23,3.5067800000000005,33.2812,thr0,RWD,1
24,3.50084,33.6148,thr0,RWD,1
25,3.4961599999999997,33.2788,thr0,RWD,1
26,3.49928,33.6344,thr0,RWD,1
27,3.4945,33.0356,thr0,RWD,1
28,3.50314,33.6508,thr0,RWD,1
29,3.4945800000000005,33.2496,thr0,RWD,1
30,3.49946,33.0744,thr0,RWD,1
1,35.6984,342.6556,thr0,RWD,2
2,20.24578,201.2156,thr0,RWD,2
3,16.448179999999997,172.4784,thr0,RWD,2
4,13.970279999999999,153.5288,thr0,RWD,2
5,10.46362,119.718,thr0,RWD,2
6,8.020480000000001,93.6156,thr0,RWD,2
7,6.98168,80.6496,thr0,RWD,2
8,5.4999199999999995,60.896,thr0,RWD,2
9,4.99894,54.0824,thr0,RWD,2
10,3.9996199999999997,40.1312,thr0,RWD,2
11,4.00514,40.3428,thr0,RWD,2
12,3.4878,33.358,thr0,RWD,2
13,3.49874,33.178,thr0,RWD,2
14,3.5071800000000004,34.1012,thr0,RWD,2
15,3.50158,32.9076,thr0,RWD,2
16,3.4941199999999997,32.874,thr0,RWD,2
17,3.5017,32.8688,thr0,RWD,2
18,3.4977,32.986,thr0,RWD,2
19,3.49744,33.1772,thr0,RWD,2
20,3.49462,32.2812,thr0,RWD,2
21,3.5032,33.054,thr0,RWD,2
22,3.49272,32.3948,thr0,RWD,2
23,3.50474,32.7908,thr0,RWD,2
24,3.49862,32.2752,thr0,RWD,2
25,3.5035800000000004,33.2252,thr0,RWD,2
26,3.9989800000000004,39.0208,thr0,RWD,2
27,3.49534,32.5104,thr0,RWD,2
28,3.4982,32.376,thr0,RWD,2
29,3.5082400000000002,33.5496,thr0,RWD,2
30,3.50224,32.58,thr0,RWD,2
1,35.530879999999996,341.924,thr0,RWD,3
2,20.78538,207.492,thr0,RWD,3
3,16.89392,176.7956,thr0,RWD,3
4,13.48342,146.36,thr0,RWD,3
5,10.50512,118.8792,thr0,RWD,3
6,8.494660000000001,98.7108,thr0,RWD,3
7,7.01346,80.924,thr0,RWD,3
8,6.0243400000000005,68.0384,thr0,RWD,3
9,5.0126,54.0964,thr0,RWD,3
10,4.997,54.142,thr0,RWD,3
11,4.49946,47.6372,thr0,RWD,3
12,4.0017,40.2068,thr0,RWD,3
13,3.49194,34.168,thr0,RWD,3
14,3.5069199999999996,34.5676,thr0,RWD,3
15,3.4953800000000004,35.1348,thr0,RWD,3
16,2.99906,27.0108,thr0,RWD,3
17,2.9988,26.6584,thr0,RWD,3
18,2.99736,26.6088,thr0,RWD,3
19,3.00058,26.6656,thr0,RWD,3
20,3.0015400000000003,26.6844,thr0,RWD,3
21,2.49856,20.6736,thr0,RWD,3
22,2.5019400000000003,20.8736,thr0,RWD,3
23,2.4975400000000003,20.856,thr0,RWD,3
24,3.00002,26.9028,thr0,RWD,3
25,2.49844,20.7308,thr0,RWD,3
26,2.5005,20.968,thr0,RWD,3
27,2.49804,20.9324,thr0,RWD,3
28,2.5056599999999998,21.1612,thr0,RWD,3
29,2.99974,27.1688,thr0,RWD,3
30,3.00002,26.7728,thr0,RWD,3
1,35.588,341.834,thr0,RWD,5
2,19.85932,197.476,thr0,RWD,5
3,16.93326,177.3228,thr0,RWD,5
4,12.99062,141.8456,thr0,RWD,5
5,10.005180000000001,116.27,thr0,RWD,5
6,8.012880000000001,95.2776,thr0,RWD,5
7,6.489719999999999,75.558,thr0,RWD,5
8,5.001580000000001,55.108,thr0,RWD,5
9,4.99406,55.246,thr0,RWD,5
10,4.49826,47.5768,thr0,RWD,5
11,3.9952400000000003,39.7272,thr0,RWD,5
12,3.9985800000000005,39.0876,thr0,RWD,5
13,3.51122,33.9228,thr0,RWD,5
14,3.4936199999999995,34.9852,thr0,RWD,5
15,3.5040400000000003,35.126,thr0,RWD,5
16,3.5044199999999996,35.0736,thr0,RWD,5
17,3.0003599999999997,28.1516,thr0,RWD,5
18,2.9988200000000003,28.0292,thr0,RWD,5
19,3.0021,27.538,thr0,RWD,5
20,3.00488,26.9428,thr0,RWD,5
21,3.00142,26.6508,thr0,RWD,5
22,2.99558,26.5568,thr0,RWD,5
23,3.0096,26.6936,thr0,RWD,5
24,2.9992,26.5868,thr0,RWD,5
25,3.00062,26.5808,thr0,RWD,5
26,2.9999599999999997,26.544,thr0,RWD,5
27,3.0009200000000003,26.5188,thr0,RWD,5
28,3.00674,26.594,thr0,RWD,5
29,2.99662,26.57,thr0,RWD,5
30,3.00006,26.5444,thr0,RWD,5
1,35.44184,341.1672,thr0,RWD,4
2,19.33914,194.0688,thr0,RWD,4
3,16.3981,171.1096,thr0,RWD,4
4,13.479479999999999,147.7736,thr0,RWD,4
5,9.99896,115.1272,thr0,RWD,4
6,8.0013,95.2904,thr0,RWD,4
7,6.4980400000000005,75.972,thr0,RWD,4
8,6.01284,69.1044,thr0,RWD,4
9,5.50156,61.2928,thr0,RWD,4
10,5.00312,53.8312,thr0,RWD,4
11,4.00246,41.3768,thr0,RWD,4
12,3.4979,34.412,thr0,RWD,4
13,3.0003599999999997,28.8976,thr0,RWD,4
14,2.99562,27.7408,thr0,RWD,4
15,2.99388,27.9348,thr0,RWD,4
16,2.9942,26.9204,thr0,RWD,4
17,3.00126,26.8796,thr0,RWD,4
18,3.00558,26.6184,thr0,RWD,4
19,3.00064,27.4416,thr0,RWD,4
20,2.99408,26.8284,thr0,RWD,4
21,3.00352,27.05,thr0,RWD,4
22,2.49512,20.8364,thr0,RWD,4
23,3.00432,27.3468,thr0,RWD,4
24,2.49798,21.0528,thr0,RWD,4
25,2.4966,21.2212,thr0,RWD,4
26,3.00034,27.9044,thr0,RWD,4
27,2.49918,21.1032,thr0,RWD,4
28,2.99936,27.214,thr0,RWD,4
29,3.00466,27.0852,thr0,RWD,4
30,2.4986200000000003,20.816,thr0,RWD,4
1,35.625679999999996,343.9124,thr0,N2Vp1q2,1
2,19.83548,187.7184,thr0,N2Vp1q2,1
3,17.89072,176.5508,thr0,N2Vp1q2,1
4,15.92748,160.4432,thr0,N2Vp1q2,1
5,14.8847,150.1728,thr0,N2Vp1q2,1
6,14.9867,153.1584,thr0,N2Vp1q2,1
7,14.004560000000001,144.3808,thr0,N2Vp1q2,1
8,12.96968,135.4128,thr0,N2Vp1q2,1
9,12.00196,126.9908,thr0,N2Vp1q2,1
10,11.01044,116.9832,thr0,N2Vp1q2,1
11,10.455060000000001,112.8764,thr0,N2Vp1q2,1
12,9.98806,108.624,thr0,N2Vp1q2,1
13,9.44774,103.236,thr0,N2Vp1q2,1
14,9.01342,98.4996,thr0,N2Vp1q2,1
15,9.53048,104.512,thr0,N2Vp1q2,1
16,9.006780000000001,99.1052,thr0,N2Vp1q2,1
17,8.508560000000001,94.2064,thr0,N2Vp1q2,1
18,8.4871,94.5312,thr0,N2Vp1q2,1
19,8.491,94.9396,thr0,N2Vp1q2,1
20,7.997160000000001,89.6556,thr0,N2Vp1q2,1
21,7.99852,89.7292,thr0,N2Vp1q2,1
22,7.979660000000001,89.9872,thr0,N2Vp1q2,1
23,8.017339999999999,90.7272,thr0,N2Vp1q2,1
24,7.50828,84.9852,thr0,N2Vp1q2,1
25,7.50272,85.1132,thr0,N2Vp1q2,1
26,7.50408,85.022,thr0,N2Vp1q2,1
27,7.50588,85.174,thr0,N2Vp1q2,1
28,7.4777,84.9904,thr0,N2Vp1q2,1
29,7.515680000000001,85.232,thr0,N2Vp1q2,1
30,7.98528,90.602,thr0,N2Vp1q2,1
1,35.722840000000005,343.6196,thr0,N2Vp1q2,2
2,19.8463,188.1036,thr0,N2Vp1q2,2
3,17.3951,171.172,thr0,N2Vp1q2,2
4,16.47586,165.1164,thr0,N2Vp1q2,2
5,15.017479999999999,152.6032,thr0,N2Vp1q2,2
6,14.53316,148.5516,thr0,N2Vp1q2,2
7,13.9407,143.7688,thr0,N2Vp1q2,2
8,13.44336,139.6648,thr0,N2Vp1q2,2
9,11.94852,125.3564,thr0,N2Vp1q2,2
10,11.51338,122.2496,thr0,N2Vp1q2,2
11,10.52392,112.8032,thr0,N2Vp1q2,2
12,9.99692,109.146,thr0,N2Vp1q2,2
13,10.010660000000001,110.5544,thr0,N2Vp1q2,2
14,9.004660000000001,100.6888,thr0,N2Vp1q2,2
15,8.5298,95.9496,thr0,N2Vp1q2,2
16,8.50814,95.8472,thr0,N2Vp1q2,2
17,8.50602,96.5848,thr0,N2Vp1q2,2
18,7.999860000000001,91.056,thr0,N2Vp1q2,2
19,7.532139999999999,85.7336,thr0,N2Vp1q2,2
20,8.48558,97.556,thr0,N2Vp1q2,2
21,7.99978,91.9148,thr0,N2Vp1q2,2
22,7.5133399999999995,86.466,thr0,N2Vp1q2,2
23,7.49012,86.3248,thr0,N2Vp1q2,2
24,7.49258,86.3084,thr0,N2Vp1q2,2
25,6.9787,80.2784,thr0,N2Vp1q2,2
26,7.99896,92.4856,thr0,N2Vp1q2,2
27,8.03386,93.3392,thr0,N2Vp1q2,2
28,7.49912,87.1164,thr0,N2Vp1q2,2
29,6.476719999999999,74.8672,thr0,N2Vp1q2,2
30,6.9947,81.094,thr0,N2Vp1q2,2
1,35.5981,342.8172,thr0,N2Vp1q2,3
2,19.75702,187.3844,thr0,N2Vp1q2,3
3,17.35772,171.0676,thr0,N2Vp1q2,3
4,15.52546,155.1024,thr0,N2Vp1q2,3
5,15.3696,155.8996,thr0,N2Vp1q2,3
6,15.38582,158.278,thr0,N2Vp1q2,3
7,13.44542,139.9576,thr0,N2Vp1q2,3
8,13.461739999999999,142.39,thr0,N2Vp1q2,3
9,11.9653,127.522,thr0,N2Vp1q2,3
10,10.9783,118.7132,thr0,N2Vp1q2,3
11,10.962019999999999,121.8748,thr0,N2Vp1q2,3
12,10.02892,113.0772,thr0,N2Vp1q2,3
13,9.04852,102.9076,thr0,N2Vp1q2,3
14,8.50136,97.9064,thr0,N2Vp1q2,3
15,7.50668,86.7496,thr0,N2Vp1q2,3
16,7.007960000000001,81.22,thr0,N2Vp1q2,3
17,8.02214,94.1136,thr0,N2Vp1q2,3
18,7.502280000000001,88.404,thr0,N2Vp1q2,3
19,7.49368,88.7264,thr0,N2Vp1q2,3
20,6.986339999999999,82.7184,thr0,N2Vp1q2,3
21,7.00784,83.2144,thr0,N2Vp1q2,3
22,7.00812,83.396,thr0,N2Vp1q2,3
23,6.4913,77.1468,thr0,N2Vp1q2,3
24,6.515,77.3892,thr0,N2Vp1q2,3
25,6.9878800000000005,84.0036,thr0,N2Vp1q2,3
26,6.493580000000001,77.2696,thr0,N2Vp1q2,3
27,6.49766,77.4904,thr0,N2Vp1q2,3
28,6.47818,77.2428,thr0,N2Vp1q2,3
29,6.01088,71.3384,thr0,N2Vp1q2,3
30,5.98536,70.996,thr0,N2Vp1q2,3
1,35.62908,343.5308,thr0,N2Vp1q2,4
2,20.27638,194.054,thr0,N2Vp1q2,4
3,18.007479999999997,177.246,thr0,N2Vp1q2,4
4,16.449379999999998,164.8596,thr0,N2Vp1q2,4
5,14.4119,146.326,thr0,N2Vp1q2,4
6,13.96686,142.772,thr0,N2Vp1q2,4
7,12.47862,127.7248,thr0,N2Vp1q2,4
8,12.5298,130.1948,thr0,N2Vp1q2,4
9,12.00666,125.4856,thr0,N2Vp1q2,4
10,11.01866,117.0648,thr0,N2Vp1q2,4
11,10.46786,112.7412,thr0,N2Vp1q2,4
12,9.9476,108.3076,thr0,N2Vp1q2,4
13,10.00738,110.6336,thr0,N2Vp1q2,4
14,9.49142,105.7724,thr0,N2Vp1q2,4
15,8.97896,101.1908,thr0,N2Vp1q2,4
16,8.517380000000001,96.5704,thr0,N2Vp1q2,4
17,8.52098,97.1292,thr0,N2Vp1q2,4
18,8.00558,92.2824,thr0,N2Vp1q2,4
19,8.00296,92.6516,thr0,N2Vp1q2,4
20,7.9882800000000005,92.7792,thr0,N2Vp1q2,4
21,7.9976199999999995,93.6652,thr0,N2Vp1q2,4
22,8.01136,94.204,thr0,N2Vp1q2,4
23,6.992360000000001,81.6476,thr0,N2Vp1q2,4
24,7.00944,82.0252,thr0,N2Vp1q2,4
25,7.01882,82.4612,thr0,N2Vp1q2,4
26,7.01934,82.3008,thr0,N2Vp1q2,4
27,6.97978,81.952,thr0,N2Vp1q2,4
28,6.9996,81.9956,thr0,N2Vp1q2,4
29,7.017939999999999,82.6112,thr0,N2Vp1q2,4
30,6.98778,82.2932,thr0,N2Vp1q2,4
1,35.53326,342.4512,thr0,N2Vp1q2,5
2,20.24278,191.2208,thr0,N2Vp1q2,5
3,17.38668,170.676,thr0,N2Vp1q2,5
4,17.48002,174.2284,thr0,N2Vp1q2,5
5,15.41104,155.4828,thr0,N2Vp1q2,5
6,13.937879999999998,142.158,thr0,N2Vp1q2,5
7,13.9709,144.7452,thr0,N2Vp1q2,5
8,12.90334,135.0316,thr0,N2Vp1q2,5
9,11.9785,126.4748,thr0,N2Vp1q2,5
10,10.9539,117.7592,thr0,N2Vp1q2,5
11,10.51164,114.0872,thr0,N2Vp1q2,5
12,10.01098,109.9948,thr0,N2Vp1q2,5
13,9.00062,100.4604,thr0,N2Vp1q2,5
14,8.98762,101.9596,thr0,N2Vp1q2,5
15,7.988360000000001,90.6976,thr0,N2Vp1q2,5
16,7.978739999999999,90.6792,thr0,N2Vp1q2,5
17,7.97306,91.5356,thr0,N2Vp1q2,5
18,7.4856,86.26,thr0,N2Vp1q2,5
19,7.5036,86.7948,thr0,N2Vp1q2,5
20,6.990939999999999,80.7092,thr0,N2Vp1q2,5
21,6.97112,80.5752,thr0,N2Vp1q2,5
22,7.006539999999999,81.0812,thr0,N2Vp1q2,5
23,7.012519999999999,81.4392,thr0,N2Vp1q2,5
24,6.49706,74.7996,thr0,N2Vp1q2,5
25,7.02148,81.5648,thr0,N2Vp1q2,5
26,6.5121400000000005,75.5572,thr0,N2Vp1q2,5
27,6.48292,74.9844,thr0,N2Vp1q2,5
28,6.48496,75.1112,thr0,N2Vp1q2,5
29,6.50694,75.6568,thr0,N2Vp1q2,5
30,6.49672,75.4244,thr0,N2Vp1q2,5
1,27.38506,227.4128,h30,RWI,1
2,29.741,268.4724,h30,RWI,1
3,29.832759999999997,273.3888,h30,RWI,1
4,29.846020000000003,273.7024,h30,RWI,1
5,29.8566,273.3188,h30,RWI,1
6,29.856640000000002,273.8228,h30,RWI,1
7,29.85302,274.1172,h30,RWI,1
8,29.85544,274.152,h30,RWI,1
9,29.85346,273.8308,h30,RWI,1
10,29.856240000000003,273.7812,h30,RWI,1
11,29.870240000000003,274.36,h30,RWI,1
12,29.8771,274.892,h30,RWI,1
13,29.87722,274.944,h30,RWI,1
14,29.872,273.9228,h30,RWI,1
15,29.88082,274.198,h30,RWI,1
16,29.881,274.3196,h30,RWI,1
17,29.876179999999998,274.7916,h30,RWI,1
18,29.875740000000004,273.852,h30,RWI,1
19,29.8807,273.9356,h30,RWI,1
20,29.888540000000003,273.7592,h30,RWI,1
21,29.850559999999998,272.6808,h30,RWI,1
22,29.861720000000002,272.542,h30,RWI,1
23,29.855359999999997,271.9596,h30,RWI,1
24,29.8639,272.4496,h30,RWI,1
25,29.85414,271.7072,h30,RWI,1
26,29.878659999999996,271.4768,h30,RWI,1
27,29.87388,272.0944,h30,RWI,1
28,29.8749,272.0388,h30,RWI,1
29,29.8762,272.3984,h30,RWI,1
30,29.872559999999996,271.8868,h30,RWI,1
1,27.383979999999998,226.464,h30,RWI,2
2,29.726879999999998,266.4064,h30,RWI,2
3,29.8311,271.4564,h30,RWI,2
4,29.843,272.8016,h30,RWI,2
5,29.847759999999997,272.432,h30,RWI,2
6,29.853240000000003,272.3824,h30,RWI,2
7,29.85922,273.1316,h30,RWI,2
8,29.860059999999997,272.5716,h30,RWI,2
9,29.86692,272.1604,h30,RWI,2
10,29.86154,272.0848,h30,RWI,2
11,29.876559999999998,272.4184,h30,RWI,2
12,29.87268,271.5756,h30,RWI,2
13,29.88148,271.9968,h30,RWI,2
14,29.87026,272.4808,h30,RWI,2
15,29.865759999999998,271.1708,h30,RWI,2
16,29.85346,270.7544,h30,RWI,2
17,29.865740000000002,270.5256,h30,RWI,2
18,29.861620000000002,270.548,h30,RWI,2
19,29.8708,271.0872,h30,RWI,2
20,29.883,270.6128,h30,RWI,2
21,29.87552,271.4852,h30,RWI,2
22,29.8911,271.7576,h30,RWI,2
23,29.8733,271.0104,h30,RWI,2
24,29.88648,271.422,h30,RWI,2
25,29.900940000000002,272.012,h30,RWI,2
26,29.88086,271.9012,h30,RWI,2
27,29.89242,272.3472,h30,RWI,2
28,29.88846,272.2704,h30,RWI,2
29,29.89862,272.812,h30,RWI,2
30,29.88382,271.6916,h30,RWI,2
1,27.3575,226.6988,h30,RWI,3
2,29.7248,267.8408,h30,RWI,3
3,29.82122,271.7872,h30,RWI,3
4,29.832340000000002,271.9344,h30,RWI,3
5,29.83858,271.722,h30,RWI,3
6,29.847179999999998,271.312,h30,RWI,3
7,29.86308,271.8352,h30,RWI,3
8,29.8607,271.4564,h30,RWI,3
9,29.85384,272.7108,h30,RWI,3
10,29.862740000000002,270.8944,h30,RWI,3
11,29.8612,270.8904,h30,RWI,3
12,29.855240000000002,271.282,h30,RWI,3
13,29.8615,271.5432,h30,RWI,3
14,29.856579999999997,270.594,h30,RWI,3
15,29.860879999999998,271.0028,h30,RWI,3
16,29.863879999999998,271.1704,h30,RWI,3
17,29.863879999999998,271.4528,h30,RWI,3
18,29.88278,271.4224,h30,RWI,3
19,29.88552,271.426,h30,RWI,3
20,29.886059999999997,271.4432,h30,RWI,3
21,29.8872,271.3588,h30,RWI,3
22,29.88154,271.2448,h30,RWI,3
23,29.88588,273.3596,h30,RWI,3
24,29.879540000000002,272.2492,h30,RWI,3
25,29.89072,272.7904,h30,RWI,3
26,29.87286,272.4624,h30,RWI,3
27,29.89368,272.6408,h30,RWI,3
28,29.885279999999998,272.374,h30,RWI,3
29,29.897340000000003,272.9972,h30,RWI,3
30,29.893140000000002,271.4252,h30,RWI,3
1,27.397920000000003,227.1872,h30,RWI,4
2,29.73002,268.1304,h30,RWI,4
3,29.818479999999997,272.8568,h30,RWI,4
4,29.849459999999997,273.2896,h30,RWI,4
5,29.8428,273.1696,h30,RWI,4
6,29.853140000000003,273.1428,h30,RWI,4
7,29.84692,273.4244,h30,RWI,4
8,29.85762,272.9084,h30,RWI,4
9,29.8558,273.1524,h30,RWI,4
10,29.87452,273.9864,h30,RWI,4
11,29.856540000000003,273.7064,h30,RWI,4
12,29.870759999999997,274.244,h30,RWI,4
13,29.868779999999997,274.41,h30,RWI,4
14,29.8692,274.8072,h30,RWI,4
15,29.87854,275.0604,h30,RWI,4
16,29.86188,274.14,h30,RWI,4
17,29.8751,273.9876,h30,RWI,4
18,29.8753,273.9904,h30,RWI,4
19,29.87602,274.578,h30,RWI,4
20,29.87402,274.2436,h30,RWI,4
21,29.86692,272.7068,h30,RWI,4
22,29.855,272.5324,h30,RWI,4
23,29.876859999999997,272.8848,h30,RWI,4
24,29.885579999999997,274.2556,h30,RWI,4
25,29.87248,272.9828,h30,RWI,4
26,29.873040000000003,274.118,h30,RWI,4
27,29.8808,273.5296,h30,RWI,4
28,29.876079999999998,272.472,h30,RWI,4
29,29.888920000000002,272.6652,h30,RWI,4
30,29.884140000000002,272.9548,h30,RWI,4
1,27.41078,227.6856,h30,RWI,5
2,29.6951,267.128,h30,RWI,5
3,29.81948,271.638,h30,RWI,5
4,29.834220000000002,273.0228,h30,RWI,5
5,29.84178,272.698,h30,RWI,5
6,29.853820000000002,272.7828,h30,RWI,5
7,29.853740000000002,273.1868,h30,RWI,5
8,29.846740000000004,272.8428,h30,RWI,5
9,29.854640000000003,273.4132,h30,RWI,5
10,29.85874,272.1844,h30,RWI,5
11,29.868959999999998,272.7648,h30,RWI,5
12,29.873559999999998,272.3524,h30,RWI,5
13,29.86702,272.8576,h30,RWI,5
14,29.853559999999998,272.5024,h30,RWI,5
15,29.851679999999998,271.8032,h30,RWI,5
16,29.861240000000002,271.928,h30,RWI,5
17,29.87446,271.946,h30,RWI,5
18,29.861420000000003,272.1656,h30,RWI,5
19,29.8706,272.6256,h30,RWI,5
20,29.864659999999997,271.8944,h30,RWI,5
21,29.86996,272.0508,h30,RWI,5
22,29.85708,271.678,h30,RWI,5
23,29.87094,272.3636,h30,RWI,5
24,29.8719,272.0952,h30,RWI,5
25,29.869559999999996,272.3564,h30,RWI,5
26,29.8871,273.8536,h30,RWI,5
27,29.87974,272.7716,h30,RWI,5
28,29.87286,272.002,h30,RWI,5
29,29.87544,272.7964,h30,RWI,5
30,29.867420000000003,271.3988,h30,RWI,5
1,27.39518,226.6876,h30,RW,1
2,29.675159999999998,267.2944,h30,RW,1
3,29.75934,273.0724,h30,RW,1
4,29.753079999999997,275.0508,h30,RW,1
5,29.74788,276.7836,h30,RW,1
6,29.760579999999997,279.6404,h30,RW,1
7,29.75178,283.7036,h30,RW,1
8,29.73872,290.1792,h30,RW,1
9,29.72598,298.7456,h30,RW,1
10,29.7015,308.1676,h30,RW,1
11,29.7164,320.7868,h30,RW,1
12,29.716359999999998,333.7228,h30,RW,1
13,29.727940000000004,348.4804,h30,RW,1
14,29.75222,365.4264,h30,RW,1
15,29.72852,376.2928,h30,RW,1
16,29.716479999999997,386.0772,h30,RW,1
17,29.70216,390.7756,h30,RW,1
18,29.684279999999998,394.0776,h30,RW,1
19,29.6851,398.9668,h30,RW,1
20,29.6838,403.6468,h30,RW,1
21,29.65822,403.774,h30,RW,1
22,29.64658,403.5848,h30,RW,1
23,29.62476,403.9464,h30,RW,1
24,29.58366,403.0,h30,RW,1
25,29.57882,402.9948,h30,RW,1
26,29.59662,403.9984,h30,RW,1
27,29.58698,403.2224,h30,RW,1
28,29.56788,403.7176,h30,RW,1
29,29.578840000000003,403.5296,h30,RW,1
30,29.574579999999997,404.354,h30,RW,1
1,27.4331,226.82,h30,RW,2
2,29.69002,269.3068,h30,RW,2
3,29.748179999999998,274.156,h30,RW,2
4,29.7508,275.0884,h30,RW,2
5,29.76848,276.9996,h30,RW,2
6,29.732879999999998,281.0376,h30,RW,2
7,29.740579999999998,287.5908,h30,RW,2
8,29.7401,297.7776,h30,RW,2
9,29.69718,307.6272,h30,RW,2
10,29.70872,321.6228,h30,RW,2
11,29.69456,333.8684,h30,RW,2
12,29.713659999999997,350.2256,h30,RW,2
13,29.71358,363.6364,h30,RW,2
14,29.69094,371.4688,h30,RW,2
15,29.658820000000002,375.2508,h30,RW,2
16,29.607640000000004,376.4256,h30,RW,2
17,29.58772,378.2496,h30,RW,2
18,29.550259999999998,378.6708,h30,RW,2
19,29.54024,380.8416,h30,RW,2
20,29.542579999999997,385.0708,h30,RW,2
21,29.540640000000003,388.3004,h30,RW,2
22,29.545140000000004,389.8452,h30,RW,2
23,29.5464,389.6252,h30,RW,2
24,29.53182,390.4488,h30,RW,2
25,29.553440000000002,390.4988,h30,RW,2
26,29.52948,390.8652,h30,RW,2
27,29.53414,393.5424,h30,RW,2
28,29.542859999999997,392.8744,h30,RW,2
29,29.5575,395.8772,h30,RW,2
30,29.61378,400.1764,h30,RW,2
1,27.375320000000002,226.164,h30,RW,3
2,29.6427,267.1804,h30,RW,3
3,29.76714,273.1616,h30,RW,3
4,29.75566,276.164,h30,RW,3
5,29.747220000000002,276.7452,h30,RW,3
6,29.736720000000002,277.1124,h30,RW,3
7,29.7477,282.8352,h30,RW,3
8,29.745359999999998,289.3468,h30,RW,3
9,29.721359999999997,297.1396,h30,RW,3
10,29.679140000000004,308.0832,h30,RW,3
11,29.69642,321.9208,h30,RW,3
12,29.6977,336.824,h30,RW,3
13,29.72188,348.6016,h30,RW,3
14,29.724259999999997,358.5948,h30,RW,3
15,29.726359999999996,366.2424,h30,RW,3
16,29.702040000000004,372.226,h30,RW,3
17,29.675040000000003,372.0052,h30,RW,3
18,29.655079999999998,373.2936,h30,RW,3
19,29.6269,373.138,h30,RW,3
20,29.61508,374.8688,h30,RW,3
21,29.585040000000003,377.1732,h30,RW,3
22,29.576320000000003,375.9316,h30,RW,3
23,29.55166,376.0072,h30,RW,3
24,29.54038,375.7544,h30,RW,3
25,29.53306,375.528,h30,RW,3
26,29.544059999999998,376.0552,h30,RW,3
27,29.53224,375.736,h30,RW,3
28,29.535759999999996,375.6128,h30,RW,3
29,29.52982,376.6604,h30,RW,3
30,29.54692,377.0292,h30,RW,3
1,27.40154,226.3248,h30,RW,4
2,29.657740000000004,268.1912,h30,RW,4
3,29.7478,272.8916,h30,RW,4
4,29.74168,274.9952,h30,RW,4
5,29.736259999999998,277.3352,h30,RW,4
6,29.74428,278.8564,h30,RW,4
7,29.75102,284.2092,h30,RW,4
8,29.724120000000003,290.1732,h30,RW,4
9,29.71228,299.694,h30,RW,4
10,29.7499,313.6936,h30,RW,4
11,29.760859999999997,327.7996,h30,RW,4
12,29.766340000000003,343.8888,h30,RW,4
13,29.74268,356.038,h30,RW,4
14,29.712359999999997,364.5732,h30,RW,4
15,29.68702,370.3712,h30,RW,4
16,29.65836,376.0252,h30,RW,4
17,29.63532,379.3908,h30,RW,4
18,29.63284,384.4212,h30,RW,4
19,29.65082,388.4516,h30,RW,4
20,29.6425,389.668,h30,RW,4
21,29.65128,388.5132,h30,RW,4
22,29.63782,389.4916,h30,RW,4
23,29.641779999999997,388.6892,h30,RW,4
24,29.647059999999996,389.1808,h30,RW,4
25,29.6301,389.3292,h30,RW,4
26,29.60268,389.834,h30,RW,4
27,29.600959999999997,389.9928,h30,RW,4
28,29.58592,389.9868,h30,RW,4
29,29.58938,390.862,h30,RW,4
30,29.56464,390.2452,h30,RW,4
1,27.41132,226.234,h30,RW,5
2,29.6499,267.5472,h30,RW,5
3,29.7458,273.8112,h30,RW,5
4,29.758359999999996,275.4408,h30,RW,5
5,29.749340000000004,277.5872,h30,RW,5
6,29.749979999999997,280.8744,h30,RW,5
7,29.75532,284.1268,h30,RW,5
8,29.768320000000003,291.4628,h30,RW,5
9,29.7564,302.0164,h30,RW,5
10,29.736179999999997,315.3216,h30,RW,5
11,29.721859999999996,332.4708,h30,RW,5
12,29.746779999999998,353.6988,h30,RW,5
13,29.7276,368.3248,h30,RW,5
14,29.707420000000003,378.8968,h30,RW,5
15,29.687340000000003,387.5304,h30,RW,5
16,29.705940000000002,394.7304,h30,RW,5
17,29.704079999999998,401.686,h30,RW,5
18,29.699840000000002,405.548,h30,RW,5
19,29.66582,405.2176,h30,RW,5
20,29.63608,405.7488,h30,RW,5
21,29.609920000000002,406.2172,h30,RW,5
22,29.60796,405.7036,h30,RW,5
23,29.59338,405.4328,h30,RW,5
24,29.592959999999998,405.7676,h30,RW,5
25,29.5789,404.8292,h30,RW,5
26,29.578640000000004,405.8944,h30,RW,5
27,29.56808,405.5168,h30,RW,5
28,29.572,405.7912,h30,RW,5
29,29.575879999999998,406.2464,h30,RW,5
30,29.57528,405.0088,h30,RW,5
1,27.45604,226.3804,h30,RWD,1
2,29.6807,268.676,h30,RWD,1
3,29.7457,278.1216,h30,RWD,1
4,29.72768,292.9196,h30,RWD,1
5,29.712640000000004,324.4768,h30,RWD,1
6,29.644779999999997,366.3536,h30,RWD,1
7,29.50248,382.5528,h30,RWD,1
8,29.329859999999996,392.5632,h30,RWD,1
9,29.3544,397.3552,h30,RWD,1
10,29.29192,405.1284,h30,RWD,1
11,29.251340000000003,407.8824,h30,RWD,1
12,29.156879999999997,413.1656,h30,RWD,1
13,29.16732,414.0176,h30,RWD,1
14,29.19564,418.3128,h30,RWD,1
15,29.15382,421.9356,h30,RWD,1
16,29.0921,421.7744,h30,RWD,1
17,29.05616,421.1144,h30,RWD,1
18,29.04396,421.3964,h30,RWD,1
19,29.0677,420.9284,h30,RWD,1
20,29.025059999999996,420.0096,h30,RWD,1
21,29.044179999999997,419.9556,h30,RWD,1
22,29.05854,420.6256,h30,RWD,1
23,29.056859999999997,427.8548,h30,RWD,1
24,29.087259999999997,428.0472,h30,RWD,1
25,29.1055,428.5812,h30,RWD,1
26,29.105059999999998,428.4412,h30,RWD,1
27,29.14964,429.8124,h30,RWD,1
28,29.132479999999997,428.9764,h30,RWD,1
29,29.169620000000002,429.0536,h30,RWD,1
30,29.190479999999997,429.852,h30,RWD,1
1,27.456,225.9388,h30,RWD,2
2,29.651120000000002,267.3108,h30,RWD,2
3,29.74326,276.646,h30,RWD,2
4,29.71746,289.7592,h30,RWD,2
5,29.652,316.7176,h30,RWD,2
6,29.53152,349.4608,h30,RWD,2
7,29.524179999999998,370.6984,h30,RWD,2
8,29.4971,383.7332,h30,RWD,2
9,29.36422,399.5016,h30,RWD,2
10,29.341179999999998,406.5732,h30,RWD,2
11,29.41392,411.2788,h30,RWD,2
12,29.338459999999998,415.9804,h30,RWD,2
13,29.26582,417.148,h30,RWD,2
14,29.14224,419.1156,h30,RWD,2
15,29.06602,423.3672,h30,RWD,2
16,29.045140000000004,424.4976,h30,RWD,2
17,29.04014,424.6168,h30,RWD,2
18,29.07054,424.786,h30,RWD,2
19,29.049740000000003,424.5376,h30,RWD,2
20,29.05388,424.164,h30,RWD,2
21,29.03142,423.3324,h30,RWD,2
22,29.01434,422.7204,h30,RWD,2
23,29.02092,423.3676,h30,RWD,2
24,29.03398,423.1272,h30,RWD,2
25,29.03268,423.1488,h30,RWD,2
26,29.03012,423.6768,h30,RWD,2
27,29.04676,423.1412,h30,RWD,2
28,29.025140000000004,424.1212,h30,RWD,2
29,29.022779999999997,423.1024,h30,RWD,2
30,29.02052,423.1944,h30,RWD,2
1,27.427659999999996,226.6984,h30,RWD,3
2,29.663,269.5168,h30,RWD,3
3,29.758020000000002,278.6132,h30,RWD,3
4,29.696759999999998,290.8904,h30,RWD,3
5,29.687379999999997,327.7848,h30,RWD,3
6,29.62984,367.276,h30,RWD,3
7,29.646720000000002,388.5008,h30,RWD,3
8,29.55926,393.8412,h30,RWD,3
9,29.406940000000002,402.472,h30,RWD,3
10,29.32494,406.2736,h30,RWD,3
11,29.2988,409.1952,h30,RWD,3
12,29.165640000000003,416.5676,h30,RWD,3
13,29.006840000000004,418.5148,h30,RWD,3
14,28.959559999999996,419.2312,h30,RWD,3
15,28.924540000000004,419.3244,h30,RWD,3
16,28.95686,421.1228,h30,RWD,3
17,28.9695,426.6648,h30,RWD,3
18,29.02654,429.826,h30,RWD,3
19,29.07082,433.12,h30,RWD,3
20,29.1084,435.046,h30,RWD,3
21,29.11304,434.0644,h30,RWD,3
22,29.126279999999998,431.6944,h30,RWD,3
23,29.1415,431.9484,h30,RWD,3
24,29.1347,434.4696,h30,RWD,3
25,29.1165,435.88,h30,RWD,3
26,29.052640000000004,438.7284,h30,RWD,3
27,28.95798,440.304,h30,RWD,3
28,28.938740000000003,439.5788,h30,RWD,3
29,28.9258,439.4708,h30,RWD,3
30,28.923540000000003,439.7116,h30,RWD,3
1,27.446679999999997,225.5908,h30,RWD,4
2,29.64854,267.8184,h30,RWD,4
3,29.735440000000004,275.6416,h30,RWD,4
4,29.69978,288.7356,h30,RWD,4
5,29.596559999999997,313.788,h30,RWD,4
6,29.5143,345.2468,h30,RWD,4
7,29.520220000000002,369.2908,h30,RWD,4
8,29.49636,379.3268,h30,RWD,4
9,29.38434,389.4024,h30,RWD,4
10,29.29498,391.278,h30,RWD,4
11,29.372759999999996,394.6056,h30,RWD,4
12,29.35308,404.344,h30,RWD,4
13,29.24942,408.9904,h30,RWD,4
14,29.17538,411.2044,h30,RWD,4
15,29.1145,417.252,h30,RWD,4
16,28.9963,419.6496,h30,RWD,4
17,28.94192,418.5752,h30,RWD,4
18,28.92704,419.2024,h30,RWD,4
19,28.953459999999996,419.1704,h30,RWD,4
20,28.936759999999996,419.6208,h30,RWD,4
21,28.93246,419.6084,h30,RWD,4
22,28.89736,418.6864,h30,RWD,4
23,28.94094,419.1128,h30,RWD,4
24,28.937820000000002,419.8032,h30,RWD,4
25,28.93686,419.6268,h30,RWD,4
26,28.966040000000003,419.6688,h30,RWD,4
27,28.95828,419.6968,h30,RWD,4
28,28.933120000000002,419.5164,h30,RWD,4
29,28.954559999999997,419.4616,h30,RWD,4
30,28.973159999999996,428.3564,h30,RWD,4
1,27.46032,226.074,h30,RWD,5
2,29.6555,267.8432,h30,RWD,5
3,29.745820000000002,277.5172,h30,RWD,5
4,29.741659999999996,291.2868,h30,RWD,5
5,29.734779999999997,322.1068,h30,RWD,5
6,29.666240000000002,362.9472,h30,RWD,5
7,29.674540000000004,386.8484,h30,RWD,5
8,29.63052,396.8928,h30,RWD,5
9,29.537779999999998,400.516,h30,RWD,5
10,29.389840000000003,409.2328,h30,RWD,5
11,29.25334,417.7768,h30,RWD,5
12,29.1597,420.9728,h30,RWD,5
13,29.06806,425.2332,h30,RWD,5
14,29.0197,427.9896,h30,RWD,5
15,28.990920000000003,427.362,h30,RWD,5
16,28.9977,428.0812,h30,RWD,5
17,28.98978,428.042,h30,RWD,5
18,28.989459999999998,428.3576,h30,RWD,5
19,28.99302,427.8548,h30,RWD,5
20,29.000040000000002,428.3464,h30,RWD,5
21,29.01036,429.4464,h30,RWD,5
22,29.01312,433.0972,h30,RWD,5
23,29.011120000000002,430.3932,h30,RWD,5
24,29.01486,429.8628,h30,RWD,5
25,29.0123,432.9356,h30,RWD,5
26,29.0287,433.3016,h30,RWD,5
27,29.00696,431.5772,h30,RWD,5
28,29.012179999999997,431.812,h30,RWD,5
29,29.03388,433.8532,h30,RWD,5
30,29.051820000000003,434.8876,h30,RWD,5
1,27.41242,226.444,h30,N2Vp1q2,1
2,29.59818,253.682,h30,N2Vp1q2,1
3,29.67394,258.604,h30,N2Vp1q2,1
4,29.7123,260.85,h30,N2Vp1q2,1
5,29.679679999999998,263.0996,h30,N2Vp1q2,1
6,29.65962,268.828,h30,N2Vp1q2,1
7,29.661140000000003,273.1564,h30,N2Vp1q2,1
8,29.692559999999997,284.1124,h30,N2Vp1q2,1
9,29.64756,296.7628,h30,N2Vp1q2,1
10,29.666040000000002,311.1928,h30,N2Vp1q2,1
11,29.674979999999998,329.144,h30,N2Vp1q2,1
12,29.669,345.1456,h30,N2Vp1q2,1
13,29.669320000000003,358.7912,h30,N2Vp1q2,1
14,29.652959999999997,367.2032,h30,N2Vp1q2,1
15,29.628659999999996,370.6628,h30,N2Vp1q2,1
16,29.594959999999997,371.7,h30,N2Vp1q2,1
17,29.558020000000003,371.5292,h30,N2Vp1q2,1
18,29.54342,369.0636,h30,N2Vp1q2,1
19,29.5125,367.9556,h30,N2Vp1q2,1
20,29.4903,366.304,h30,N2Vp1q2,1
21,29.486559999999997,365.6244,h30,N2Vp1q2,1
22,29.46538,365.5508,h30,N2Vp1q2,1
23,29.45842,364.9004,h30,N2Vp1q2,1
24,29.46088,363.9556,h30,N2Vp1q2,1
25,29.4527,363.9568,h30,N2Vp1q2,1
26,29.45352,365.5288,h30,N2Vp1q2,1
27,29.48678,367.9228,h30,N2Vp1q2,1
28,29.51182,369.45,h30,N2Vp1q2,1
29,29.504720000000002,369.6312,h30,N2Vp1q2,1
30,29.51346,370.0872,h30,N2Vp1q2,1
1,27.417920000000002,226.4256,h30,N2Vp1q2,2
2,29.59422,252.9928,h30,N2Vp1q2,2
3,29.66822,257.7844,h30,N2Vp1q2,2
4,29.67758,259.7504,h30,N2Vp1q2,2
5,29.68628,263.6964,h30,N2Vp1q2,2
6,29.66902,266.3988,h30,N2Vp1q2,2
7,29.6318,272.4976,h30,N2Vp1q2,2
8,29.647859999999998,282.7572,h30,N2Vp1q2,2
9,29.664,299.7432,h30,N2Vp1q2,2
10,29.65362,313.9388,h30,N2Vp1q2,2
11,29.66692,328.9864,h30,N2Vp1q2,2
12,29.65348,343.4328,h30,N2Vp1q2,2
13,29.63624,352.3852,h30,N2Vp1q2,2
14,29.568340000000003,356.1352,h30,N2Vp1q2,2
15,29.57252,362.6572,h30,N2Vp1q2,2
16,29.5459,366.8796,h30,N2Vp1q2,2
17,29.5271,371.8848,h30,N2Vp1q2,2
18,29.514940000000003,371.7088,h30,N2Vp1q2,2
19,29.517059999999997,373.4152,h30,N2Vp1q2,2
20,29.506079999999997,373.8416,h30,N2Vp1q2,2
21,29.53068,378.5576,h30,N2Vp1q2,2
22,29.53152,377.2548,h30,N2Vp1q2,2
23,29.495959999999997,378.0656,h30,N2Vp1q2,2
24,29.499879999999997,379.6784,h30,N2Vp1q2,2
25,29.525159999999996,384.4964,h30,N2Vp1q2,2
26,29.5552,390.4876,h30,N2Vp1q2,2
27,29.57794,393.3696,h30,N2Vp1q2,2
28,29.5677,395.082,h30,N2Vp1q2,2
29,29.5749,396.3868,h30,N2Vp1q2,2
30,29.53298,394.3972,h30,N2Vp1q2,2
1,27.43042,226.3656,h30,N2Vp1q2,3
2,29.594340000000003,253.4168,h30,N2Vp1q2,3
3,29.69298,259.4616,h30,N2Vp1q2,3
4,29.68716,261.2288,h30,N2Vp1q2,3
5,29.674159999999997,264.6664,h30,N2Vp1q2,3
6,29.6562,266.9376,h30,N2Vp1q2,3
7,29.641579999999998,273.9148,h30,N2Vp1q2,3
8,29.641,282.5032,h30,N2Vp1q2,3
9,29.6397,293.1796,h30,N2Vp1q2,3
10,29.6384,304.6048,h30,N2Vp1q2,3
11,29.65884,321.7204,h30,N2Vp1q2,3
12,29.67874,340.6108,h30,N2Vp1q2,3
13,29.702040000000004,356.784,h30,N2Vp1q2,3
14,29.699920000000002,368.3736,h30,N2Vp1q2,3
15,29.647640000000003,376.2332,h30,N2Vp1q2,3
16,29.612759999999998,379.9036,h30,N2Vp1q2,3
17,29.567,379.1168,h30,N2Vp1q2,3
18,29.5302,380.7184,h30,N2Vp1q2,3
19,29.479840000000003,380.6904,h30,N2Vp1q2,3
20,29.45758,382.0952,h30,N2Vp1q2,3
21,29.41794,382.1852,h30,N2Vp1q2,3
22,29.402659999999997,384.4404,h30,N2Vp1q2,3
23,29.401259999999997,386.0316,h30,N2Vp1q2,3
24,29.39582,385.9848,h30,N2Vp1q2,3
25,29.3901,386.3824,h30,N2Vp1q2,3
26,29.40352,387.6356,h30,N2Vp1q2,3
27,29.3961,390.0984,h30,N2Vp1q2,3
28,29.378559999999997,391.1436,h30,N2Vp1q2,3
29,29.367379999999997,390.8256,h30,N2Vp1q2,3
30,29.33936,390.0524,h30,N2Vp1q2,3
1,27.4169,226.464,h30,N2Vp1q2,4
2,29.5635,253.0196,h30,N2Vp1q2,4
3,29.673659999999998,257.4052,h30,N2Vp1q2,4
4,29.68222,259.2928,h30,N2Vp1q2,4
5,29.7015,263.5568,h30,N2Vp1q2,4
6,29.670479999999998,267.2388,h30,N2Vp1q2,4
7,29.66174,272.6928,h30,N2Vp1q2,4
8,29.68262,283.5036,h30,N2Vp1q2,4
9,29.668940000000003,296.5576,h30,N2Vp1q2,4
10,29.667340000000003,311.2916,h30,N2Vp1q2,4
11,29.681720000000002,329.2764,h30,N2Vp1q2,4
12,29.6131,345.3332,h30,N2Vp1q2,4
13,29.59822,358.8088,h30,N2Vp1q2,4
14,29.57358,371.8484,h30,N2Vp1q2,4
15,29.5947,386.4084,h30,N2Vp1q2,4
16,29.57118,396.19,h30,N2Vp1q2,4
17,29.53462,399.2984,h30,N2Vp1q2,4
18,29.49526,400.3996,h30,N2Vp1q2,4
19,29.4313,403.1208,h30,N2Vp1q2,4
20,29.4111,403.634,h30,N2Vp1q2,4
21,29.37708,403.238,h30,N2Vp1q2,4
22,29.376520000000003,403.798,h30,N2Vp1q2,4
23,29.363840000000003,402.7272,h30,N2Vp1q2,4
24,29.352859999999996,403.0372,h30,N2Vp1q2,4
25,29.31796,402.3124,h30,N2Vp1q2,4
26,29.3446,403.2316,h30,N2Vp1q2,4
27,29.3124,401.2504,h30,N2Vp1q2,4
28,29.3189,401.442,h30,N2Vp1q2,4
29,29.32142,401.2232,h30,N2Vp1q2,4
30,29.3296,401.7444,h30,N2Vp1q2,4
1,27.3921,225.9856,h30,N2Vp1q2,5
2,29.573359999999997,252.3768,h30,N2Vp1q2,5
3,29.6669,258.1648,h30,N2Vp1q2,5
4,29.678279999999997,259.3648,h30,N2Vp1q2,5
5,29.66954,262.6048,h30,N2Vp1q2,5
6,29.65922,265.9596,h30,N2Vp1q2,5
7,29.62636,271.4944,h30,N2Vp1q2,5
8,29.650920000000003,282.6084,h30,N2Vp1q2,5
9,29.655459999999998,297.0608,h30,N2Vp1q2,5
10,29.670759999999998,315.702,h30,N2Vp1q2,5
11,29.69588,335.8164,h30,N2Vp1q2,5
12,29.73436,354.8396,h30,N2Vp1q2,5
13,29.72778,373.2276,h30,N2Vp1q2,5
14,29.728540000000002,384.6544,h30,N2Vp1q2,5
15,29.71258,389.5424,h30,N2Vp1q2,5
16,29.66788,391.4744,h30,N2Vp1q2,5
17,29.656879999999997,394.0504,h30,N2Vp1q2,5
18,29.63308,396.7608,h30,N2Vp1q2,5
19,29.598959999999998,399.1128,h30,N2Vp1q2,5
20,29.613,403.586,h30,N2Vp1q2,5
21,29.592240000000004,407.2048,h30,N2Vp1q2,5
22,29.5903,406.5632,h30,N2Vp1q2,5
23,29.598340000000004,405.4876,h30,N2Vp1q2,5
24,29.578979999999998,404.0268,h30,N2Vp1q2,5
25,29.55438,402.7904,h30,N2Vp1q2,5
26,29.54962,403.8016,h30,N2Vp1q2,5
27,29.50136,402.2604,h30,N2Vp1q2,5
28,29.51558,402.3656,h30,N2Vp1q2,5
29,29.52314,402.208,h30,N2Vp1q2,5
30,29.49648,402.3852,h30,N2Vp1q2,5
