variant,strategy,k_max_mean,k_max_std,diameter_mean,diameter_std,clustering_mean,clustering_std,modularity_mean,modularity_std,H_norm_mean,H_norm_std,frac_rewired_mean,frac_rewired_std,dyn_len_frac_lmax_mean,dyn_len_frac_lmax_std,dyn_frac_top1pct_mean,dyn_frac_top1pct_std,tracer_len_mean,tracer_len_std,n_distinct_mean,n_distinct_std,act_mean_1_30,act_sd_1_30,act_mean_21_30,tracer_len_c1
base,N2Vp1q2,146.4,20.54993917265937,22.0,0.0,0.4507765100184825,0.010966112970927191,0.8775804968880727,0.0021674645444045393,0.21154898732175598,0.003467999886216473,0.1696,0.03464794366192603,0.09683472149278186,0.0027684595596104934,0.38708,0.02653171686868381,11.9843,0.031561013925411885,121.00399999999999,0.6991941647353747,0.16387733333333335,0.01276524587394313,0.17472000000000001,35.545448
base,RW,144.4,22.367386973001558,23.2,1.3038404810405295,0.428688851283899,0.0029747159244143005,0.8650229027650239,0.002563702084955753,0.23371898526676205,0.0021892305769815315,0.11288000000000001,0.03870958537623465,0.08808322951232124,0.004702000589957282,0.34608,0.022986778808697837,12.851375999999998,0.40520948197197926,135.42095999999998,2.3781315119227586,0.10513066666666666,0.016604166545378503,0.10832000000000001,35.610148
base,RWD,284.2,63.942943316678814,14.8,0.8366600265340756,0.48683865536407944,0.010918337077001825,0.8778131323334353,0.0077855321135409565,0.10920122301243643,0.016150663063044957,0.33311999999999997,0.11751064632619466,0.17622046049671108,0.013513491328592343,0.7416,0.06136692920458056,8.492816,0.6014962173447138,99.56559999999999,7.308547089538387,0.302432,0.07902552420297859,0.33170399999999994,35.7063
base,RWI,14.0,0.7071067811865476,36.8,0.8366600265340751,0.364884727272729,0.00336010091149955,0.8608111621263136,0.0022634202270221233,0.2155943661252783,0.0021188122774801624,0.1052,0.010725670142233544,0.06019628457117554,0.00017800468278799192,0.04152,0.0018033302526159769,19.260696,0.4588563795786212,190.75047999999998,3.9185856366806577,0.08789866666666667,0.0016883022372917859,0.101712,35.694448
h30,N2Vp1q2,656.8,155.2971345518004,7.0,0.0,0.43383050540522416,0.030787419012670816,0.7374368697071727,0.03980096695966393,0.05013077944685074,0.0021847530342573446,0.8413599999999999,0.15352565909319524,0.38592230091925983,0.051899987140535855,0.99932,0.001082589488217971,29.442376000000003,0.09939817040569632,391.73328000000004,13.154471958691458,0.6416026666666668,0.04666446604335156,0.8111279999999998,27.413952000000002
h30,RW,576.2,96.81270577770253,6.8,0.44721359549995787,0.4196517791462746,0.011492543554994891,0.7270556096316703,0.04448867777216632,0.0483986466576408,0.0029328681519224303,0.9484,0.040358394418014205,0.4092508512123846,0.0445889646635903,0.99936,0.0007536577472567072,29.57504,0.02449464839510883,395.36271999999997,11.825485794334199,0.6758453333333334,0.03203077631140257,0.9211280000000001,27.403292
h30,RWD,1315.6,216.1175606007064,5.2,0.44721359549995787,0.45339477622427193,0.02073461471890801,0.5839528986838077,0.025498759942284885,0.04451693667648378,0.0010759982497818349,0.784,0.10122963992823446,0.4817221536981915,0.01426263349227325,1.0,0.0,29.031904000000004,0.10107695622643091,431.2004,6.325316668752639,0.7790346666666667,0.04602602799865891,0.8021519999999999,27.44934
h30,RWI,14.2,0.8366600265340752,33.0,0.7071067811865478,0.29930742279942335,0.003801370710524634,0.8655138577696153,0.0008291450661215244,0.22254810595136648,0.0023757324178132213,0.24624000000000001,0.004432606456702425,0.07097513618253154,0.0005096917067216878,0.04308,0.0007293833011524221,29.880216,0.010219690797669974,271.87144,0.6381155757384295,0.22780266666666665,0.004556649841471015,0.246216,27.387048
thr0,N2Vp1q2,234.4,40.537636832948216,11.2,1.6431676725154982,0.3554463145870629,0.009774389877153107,0.856081389654117,0.011603301477991398,0.13526678749673332,0.010621995540202838,0.98712,0.0027334959301231845,0.18235328537029605,0.014757130931599357,0.6444,0.10224969437607133,6.8899680000000005,0.7404734937322205,80.08192,7.430218421553976,0.9393520000000001,0.0012920130718293058,0.98504,35.621792000000006
thr0,RW,287.0,49.89488951786545,10.8,0.8366600265340755,0.3431215134244968,0.0074961840608837385,0.833644171002959,0.005948542142499458,0.16744145332017185,0.013601712321494062,0.98776,0.0018676188047885458,0.18021909157135835,0.013553292699022052,0.65916,0.06182497877072022,6.4978679999999995,0.01071233494622008,78.86352,0.8493854908108533,0.9428266666666667,0.0004835976288885829,0.9868159999999999,35.614024
thr0,RWD,1870.0,506.9284959439546,4.4,0.5477225575051663,0.4498732327401453,0.03404392700041809,0.48542291092745626,0.07451843732611409,0.05269469415031904,0.00889862086843459,0.77168,0.11559875431854791,0.5309279081602704,0.047452052195486975,0.9924799999999999,0.010728093959320112,3.10008,0.4192276188420794,27.95752,5.048553253358827,0.8188693333333333,0.06983473914257227,0.777952,35.54854400000001
thr0,RWI,13.8,1.0954451150103326,27.8,0.8366600265340757,0.2397934212454214,0.002871456400384943,0.850677034996429,0.0022281763871779925,0.21752433079705114,0.001376813437108549,0.9676,0.0034409301068170747,0.07774309305100859,0.0007700326729535769,0.04128,0.0005215361924162143,14.81002,0.2804169420701969,159.67496,2.955516017212558,0.9291333333333333,0.0006701906859659867,0.9675520000000001,35.613016
