strategy,metric,new,new_sd,pub,pub_sd,z
SP,k_max,2395.8,25.89787636081384,2369.9,190.0721792723316,0.19094217601835375
SP,diameter,4.0,0.0,3.9,0.316227766016838,0.44721359549995826
SP,aspl,2.0701880112044817,0.01801731185355526,2.05340862745098,0.0448236262224594,0.491202937350775
SP,clustering,0.4628357938054123,0.01103168013196778,0.4402147864307981,0.0230286658289868,1.2528449907236225
SP,H_norm,0.11555974129553667,0.007677654939851235,0.1220929082704002,0.0193532603680077,-0.44375848825987774
SP,modularity,0.5734882491582491,0.033486025565593706,0.5490790307111519,0.0361029392803518,0.7010300421777306
SP,frac_rewired,0.0,0.0,0.00044,0.0011384199576606,-0.5465943944999565
SP,dyn_len_frac_lmax,0.44091159608704267,0.030924662974158322,0.4631454366399078,0.0291579890805569,-0.7397887525218361
SP,dyn_frac_top1pct,0.844,0.04176457829309423,0.8464,0.0579773135708174,-0.04750078280954803
CR,k_max,72.2,15.546703830716016,68.5,19.12677007059303,0.21229104081189626
CR,diameter,9.0,0.0,9.0,0.0,0.0
CR,aspl,4.768589291716687,0.04587167196339177,4.752479423769508,0.0563775809457388,0.3134594675747379
CR,clustering,0.1550914989534646,0.0020768298127520997,0.1528378556853727,0.0028269043225483,0.908586419754473
CR,H_norm,0.23507929686551834,0.0018346449229377788,0.2345436043035085,0.0019503808123897,0.28292664105771625
CR,modularity,0.6877131323334353,0.005343479789554806,0.6903653550658096,0.003967382598676,-0.5635830568960889
CR,frac_rewired,0.08992,0.002007984063681779,0.08632,0.0033135412409619,1.31402809130081
CR,dyn_len_frac_lmax,0.32889483905630296,0.0017834854958076588,0.3283141404172014,0.0020084397828659,0.3057441429220299
CR,dyn_frac_top1pct,0.17908,0.010703831089848159,0.17224,0.0135655773518449,0.5597942849111636
RW,k_max,144.4,22.36738697300156,164.9,32.43266528945436,-0.7358649680301256
RW,diameter,23.2,1.30384048104053,22.6,0.966091783079296,0.5228936043967122
RW,aspl,11.449501080432173,0.3964084512839532,11.319384969987995,0.404624139238197,0.3248538670239885
RW,clustering,0.428688851283899,0.002974715924414269,0.427982298770627,0.0065817241337658,0.1383430148125279
RW,H_norm,0.23371898526676205,0.0021892305769815163,0.2325685465464661,0.0025639250296785,0.48257655258111865
RW,modularity,0.8650229027650239,0.0025637020849557353,0.8642833522089584,0.0019598332252784,0.3241038571441712
RW,frac_rewired,0.11288000000000001,0.03870958537623465,0.11144,0.0275178810553752,0.0428785523673397
RW,dyn_len_frac_lmax,0.08808322951232124,0.00470200058995728,0.089453640630589,0.0036510253987591,-0.32555651577245337
RW,dyn_frac_top1pct,0.34608,0.022986778808697837,0.3545,0.0222603284392261,-0.3721305301220865
RWI,k_max,14.0,0.7071067811865477,14.1,0.9944289260117531,-0.11590011139293795
RWI,diameter,36.8,0.8366600265340757,36.8,1.6193277068654823,0.0
RWI,aspl,14.939412180872349,0.14928790168519232,14.979949227691076,0.1753483308575104,-0.24893746425544636
RWI,clustering,0.364884727272729,0.003360100911499569,0.3646710855810872,0.0028344243482814,0.06873054695221338
RWI,H_norm,0.2155943661252783,0.002118812277480162,0.2149334789736256,0.0018181654910258,0.33475857135291126
RWI,modularity,0.8608111621263136,0.0022634202270221233,0.8612737302316089,0.0020735981645137,-0.2131075523473264
RWI,frac_rewired,0.1052,0.01072567014223355,0.10884,0.0080143205160096,-0.384470816299449
RWI,dyn_len_frac_lmax,0.06019628457117554,0.00017800468278799167,0.0602758225630879,0.0002105242703483,-0.4080048205157813
RWI,dyn_frac_top1pct,0.04152,0.0018033302526159769,0.04122,0.0008966604708583,0.21066252211737713
RWD,k_max,284.2,63.942943316678814,351.2,100.95521559362624,-0.7928950898462827
RWD,diameter,14.8,0.8366600265340755,14.6,1.429840705968481,0.17073311796734256
RWD,aspl,7.148892581032413,0.37032085926671304,7.103326706682672,0.4771285491628728,0.10669245914342146
RWD,clustering,0.48683865536407944,0.01091833707700184,0.4926661260585326,0.0097899194467356,-0.561982432597747
RWD,H_norm,0.10920122301243643,0.016150663063044957,0.1035344396673172,0.0135909146153947,0.3796645348677006
RWD,modularity,0.8778131323334353,0.0077855321135409635,0.8728788164473013,0.010514073078472,0.5333846331196496
RWD,frac_rewired,0.33311999999999997,0.11751064632619464,0.3266,0.0527660665369115,0.07158137047634493
RWD,dyn_len_frac_lmax,0.17622046049671108,0.013513491328592333,0.1807251029012461,0.0126035853511867,-0.3447484646758721
RWD,dyn_frac_top1pct,0.7416,0.06136692920458053,0.75488,0.0586318229860429,-0.2212781640907613
N2Vp1q2,k_max,146.4,20.54993917265937,174.1,49.192253229322375,-0.7347999991810972
N2Vp1q2,diameter,22.0,0.0,22.4,1.1737877907772674,-0.4819315973414976
N2Vp1q2,aspl,10.459407763105242,0.321395765544675,10.493883697478992,0.4261761618463044,-0.09134158419373545
N2Vp1q2,clustering,0.4507765100184825,0.010966112970927191,0.4494672052373415,0.0088613371031412,0.13133200619818025
N2Vp1q2,H_norm,0.21154898732175598,0.003467999886216473,0.2114714112436038,0.0039313865813184,0.020927249027098797
N2Vp1q2,modularity,0.8775804968880727,0.0021674645444045393,0.8760620258136924,0.0029847003782441,0.5821714173728824
N2Vp1q2,frac_rewired,0.1696,0.03464794366192603,0.16108,0.046931837097362,0.2065469010742718
N2Vp1q2,dyn_len_frac_lmax,0.09683472149278186,0.0027684595596104934,0.0982146165581124,0.0061873078752878,-0.28789344996008104
N2Vp1q2,dyn_frac_top1pct,0.38708,0.02653171686868381,0.3838,0.0353484244501945,0.10495145347477508
