metric,rule,lmax,run_sd,effect_p,effect_q,effect_p_over_sd,effect_q_over_sd
diameter,R1,D16,0.7580424479998675,0.5499999999999998,5.625,0.7255530365762525,7.42042878316622
diameter,R1,D2,0.978765508026687,0.6500000000000004,6.725000000000001,0.6641018657374647,6.870900072437613
diameter,R1,D4,1.0908067818228182,0.875,7.0,0.802158562433771,6.417268499470168
diameter,R1,D8,1.0143152176152794,0.7000000000000011,6.85,0.6901207709825613,6.753324687472197
diameter,R2,D16,0.7095794019004171,0.35000000000000053,0.35000000000000053,0.49324994364636277,0.49324994364636277
diameter,R2,D2,0.7978548216059518,0.5,0.5750000000000006,0.6266804266389986,0.7206824906348492
diameter,R2,D4,0.6442406820834456,0.5250000000000017,0.5000000000000004,0.8149128339771637,0.7761074609306303
diameter,R2,D8,0.6396632912078257,0.4249999999999998,0.4249999999999998,0.664412052155605,0.664412052155605
diameter,R3,D16,0.5903701822620835,0.4249999999999998,0.6249999999999991,0.7198873059129691,1.0586578028131888
diameter,R3,D2,1e-12,0.0,0.0,0.0,0.0
diameter,R3,D4,0.4360806759909724,0.3500000000000001,0.3999999999999999,0.8026037824414987,0.9172614656474266
diameter,R3,D8,0.1480481948057537,0.12499999999999956,0.12499999999999956,0.8443196498545998,0.8443196498545998
aspl,R1,D16,0.14307652578716576,0.1023456022408964,2.3379014245698286,0.7153207116109398,16.340216619793985
aspl,R1,D2,0.32030151071215474,0.23207366146458552,2.7209918687474985,0.7245475082168535,8.495095332824613
aspl,R1,D4,0.29337178915268275,0.18788828331332574,2.881669227691077,0.6404442767178986,9.822584632332655
aspl,R1,D8,0.2757897087414012,0.1837638095238101,2.749873997599039,0.666318588762568,9.970908668595404
aspl,R2,D16,0.09295997976049751,0.04548836334533757,0.08622499399759898,0.4893327587047026,0.9275496210277736
aspl,R2,D2,0.14201426397044564,0.09174136054421789,0.15922853141256588,0.6460010282017167,1.1212150593950385
aspl,R2,D4,0.13323443858520545,0.10113704681872693,0.13518908363345306,0.7590908768985298,1.0146707192900248
aspl,R2,D8,0.09501463042745603,0.05579390156062436,0.08446753901560689,0.5872137933875686,0.8889950803955199
aspl,R3,D16,0.06105496481170364,0.0377862825130042,0.05375515006002418,0.6188895961129264,0.8804386379683876
aspl,R3,D2,0.0053864803650478695,0.004475902360944417,0.015405410164065492,0.8309512070234085,2.8600141688121767
aspl,R3,D4,0.01672511383087253,0.013109507803121812,0.022785546218487163,0.7838217387150604,1.3623552251362145
aspl,R3,D8,0.03932388167605856,0.03795799119647891,0.03911417366946823,0.9652656243137046,0.9946671590480854
clustering,R1,D16,0.003128244478181161,0.0017161240016997648,0.04048352673336485,0.5485901161719822,12.941292477531352
clustering,R1,D2,0.007157439209781694,0.006233813701901084,0.05335013425098112,0.8709558711140236,7.4538019377196125
clustering,R1,D4,0.00706214662417765,0.004867673362825481,0.05210210285516781,0.6892625743794007,7.377658044764091
clustering,R1,D8,0.005628533241015923,0.003193733307854024,0.052890929807808185,0.5674183967824574,9.39692945621862
clustering,R2,D16,0.002701274033068613,0.0015288415440768144,0.0033083785348638484,0.5659705477344962,1.2247474689213862
clustering,R2,D2,0.003085920700805614,0.001572898251645173,0.0035935857084092165,0.5097014486582726,1.1645100625790776
clustering,R2,D4,0.00285303501630908,0.0028765043681808905,0.004441253010577358,1.008226100183717,1.5566766566794286
clustering,R2,D8,0.0027928738880716396,0.0022192424906534794,0.004561533950827278,0.7946089152581722,1.6332760209150805
clustering,R3,D16,0.002515415573162558,0.0013176062403368466,0.0014805571862776742,0.52381254787266,0.5885934722174807
clustering,R3,D2,0.001740192257408383,0.0010984546793935124,0.002462431671785323,0.6312260468446219,1.415034264922285
clustering,R3,D4,0.0021133172146909325,0.0018544572078248046,0.0023089006176141846,0.8775101035156307,1.092548057415912
clustering,R3,D8,0.0017519877056536791,0.0015420417710084282,0.0014677599864015949,0.8801670046155269,0.8377684282059291
H_norm,R1,D16,0.0014923306298468247,0.0010609117881461988,0.023990365646786416,0.7109093433638715,16.07577112402285
H_norm,R1,D2,0.0027387413383982463,0.0024675472571906165,0.03344322624232241,0.9009785709203785,12.211166411896967
H_norm,R1,D4,0.0026305812365418997,0.0021584850056211857,0.033741271490362164,0.8205353918127537,12.82654609622231
H_norm,R1,D8,0.0022084205567871494,0.0016939578665780275,0.03266243310745459,0.7670449640454481,14.789951581945287
H_norm,R2,D16,0.0014079924207608377,0.0010324293621205571,0.0010278518166107684,0.733263437286589,0.7300123221226912
H_norm,R2,D2,0.0013291834446963575,0.0006980950648272227,0.0007062301771890989,0.5252059582992306,0.531326341752949
H_norm,R2,D4,0.0015108589922492696,0.000832326695118818,0.000975923976022558,0.5508963439928325,0.6459398137278617
H_norm,R2,D8,0.0016609872024694688,0.0007408499224934445,0.0005916301420156034,0.44602987993645443,0.35619187260202767
H_norm,R3,D16,0.001278404426401587,0.0009899774795531155,0.0014453625487836977,0.7743852094909225,1.1305988300213097
H_norm,R3,D2,0.0013006023729196792,0.0012980143696665891,0.001097244601512469,0.9980101502911453,0.843643395059553
H_norm,R3,D4,0.0014336431209815358,0.0009561597761533758,0.0010197791943404103,0.6669440686875728,0.7113201182468787
H_norm,R3,D8,0.0012527088258790023,0.0008420942686961017,0.000723156394553566,0.6722186762795576,0.5772741275660294
k_max,R1,D16,2.7780775755942404,2.1500000000000004,8.100000000000001,0.7739164733512195,2.91568531820692
k_max,R1,D2,34.377777436371986,23.400000000000006,62.3,0.6806722756673211,1.812217212567269
k_max,R1,D4,34.58342022175599,22.074999999999996,60.349999999999994,0.6383116492946782,1.7450558566221444
k_max,R1,D8,16.652627846934344,9.975000000000001,40.825,0.5990045590213765,2.451565024766686
k_max,R2,D16,0.9027294589170385,0.6499999999999999,0.625,0.720038538212516,0.6923447482812655
k_max,R2,D2,0.9059019475602148,0.5750000000000006,0.6500000000000012,0.6347265303365304,0.7175169473369479
k_max,R2,D4,0.8842311868772548,0.5500000000000007,0.6750000000000012,0.6220092755859213,0.7633750200372674
k_max,R2,D8,1.0520562640834905,0.7500000000000004,0.8000000000000003,0.7128896291999844,0.7604156044799832
k_max,R3,D16,0.977075980348702,0.8250000000000002,0.8250000000000006,0.8443560343235247,0.8443560343235251
k_max,R3,D2,1.1135399447228798,0.9499999999999993,0.6999999999999997,0.8531350891381093,0.6286258551543965
k_max,R3,D4,1.041050710061674,0.625,0.6249999999999996,0.6003550009230326,0.6003550009230322
k_max,R3,D8,1.165740371184358,0.600000000000001,0.6750000000000003,0.5146943649128481,0.5790311605269535
k_gini,R1,D16,0.002043820047946991,0.0019153626262625942,0.06200078181818179,0.9371483698804932,30.33573424453945
k_gini,R1,D2,0.00403111943855627,0.002909216161616164,0.06549520303030298,0.7216893981831728,16.24739827946151
k_gini,R1,D4,0.003522093284276517,0.003084536363636363,0.06436099696969699,0.875767935337342,18.27350719443468
k_gini,R1,D8,0.002813631380839154,0.002435867676767671,0.06500366767676766,0.8657380257257379,23.103121510316885
k_gini,R2,D16,0.0013278732127631563,0.0009580191919192141,0.0010700515151515141,0.7214688742200641,0.8058386183759638
k_gini,R2,D2,0.0013147617578259745,0.0007563262626262557,0.0007821828282828271,0.575257272372205,0.5949236229506752
k_gini,R2,D4,0.0015172022544982628,0.000828142424242416,0.0009093252525252254,0.5458352185986448,0.5993434625009428
k_gini,R2,D8,0.0016532782241840626,0.000793148484848509,0.0006750404040404244,0.47974289701901157,0.4083041766146621
k_gini,R3,D16,0.0013299150650820358,0.001204619191919179,0.0016745663711567743,0.9057865600198101,1.2591528700770667
k_gini,R3,D2,0.0013475886919074621,0.0013997909090908457,0.0012184252525252355,1.038737500171134,0.9041521792532998
k_gini,R3,D4,0.001547082854567949,0.0011555838383838328,0.0011211898989899015,0.746943730241617,0.724712251628575
k_gini,R3,D8,0.0013892510582672207,0.0008798222222222221,0.0008858757575757568,0.633306857667327,0.6376642668753395
modularity,R1,D16,0.0021563451413355627,0.0017727237016631203,0.019539911616161615,0.8220964574182957,9.06158816675298
modularity,R1,D2,0.002436883798672419,0.0017021522038568049,0.02098401833996527,0.6984954328901994,8.611004903638442
modularity,R1,D4,0.0020846483188487856,0.001826187123762868,0.021230142332415075,0.8760168836398032,10.18404022417512
modularity,R1,D8,0.0022829534611941552,0.0017763647842057029,0.021636656591164177,0.7780994288322161,9.477484740248094
modularity,R2,D16,0.002512010928584014,0.0013731945719824834,0.001620095270890659,0.546651511885155,0.6449395790661965
modularity,R2,D2,0.0042041027291194015,0.0016540581318233716,0.004004964927048299,0.3934390376254753,0.9526325080755546
modularity,R2,D4,0.003948607049554453,0.001606190057137108,0.0031153726660546055,0.40677384125076327,0.7889801712242126
modularity,R2,D8,0.0028116789608564896,0.0021571358789919393,0.002698901770227552,0.7672056123842943,0.9598897341414172
modularity,R3,D16,0.0025206918337649683,0.002087441157237635,0.0016504641147517263,0.8281223151819319,0.6547663195649552
modularity,R3,D2,0.004455431262505881,0.004492102846648263,0.009615476099377601,1.0082307597136528,2.158147109191298
modularity,R3,D4,0.005974748997288493,0.004462236378940887,0.004460522650749865,0.7468491782610405,0.74656234977807
modularity,R3,D8,0.005706990215425914,0.00448004144985209,0.004945593051729424,0.7850094849895837,0.8665851639909169
assortativity,R1,D16,0.004879205084405598,0.003015045033707274,0.08218407431236857,0.6179377545214575,16.84374255450681
assortativity,R1,D2,0.010736840761958596,0.0047978423587961005,0.06281677331922952,0.4468579226577713,5.850582560728096
assortativity,R1,D4,0.011006362235939534,0.006811120840981979,0.06110468352147484,0.6188348788613681,5.551760173942592
assortativity,R1,D8,0.007681799826952844,0.006109015676468054,0.07303221919962083,0.7952583787764917,9.507175511574177
assortativity,R2,D16,0.00697720862616038,0.005569403765040639,0.0059808795969456,0.7982280684798058,0.8572023451500161
assortativity,R2,D2,0.008052391244165603,0.00630559946526757,0.007212060532503168,0.7830716707706324,0.8956420911277378
assortativity,R2,D4,0.00840664858770808,0.0055461334085357555,0.006401445704466436,0.6597318004519811,0.7614741638928998
assortativity,R2,D8,0.008069044174576007,0.005429268179935783,0.005429024267481729,0.6728514632553821,0.6728212350835221
assortativity,R3,D16,0.009957304948091363,0.005770735067972057,0.005942067549796559,0.5795478895198649,0.5967546018499259
assortativity,R3,D2,0.008539969399202263,0.006102745813858175,0.0074728306492961505,0.7146097987690969,0.8750418531937836
assortativity,R3,D4,0.008967033407239252,0.005843689735542369,0.007782887184859738,0.6516859556723241,0.8679444841341251
assortativity,R3,D8,0.008781638474448942,0.004313506970421707,0.004482700450539225,0.4911961455680838,0.5104628781499138
dyn_len_mean,R1,D16,0.013281793556887769,0.01350004797424198,0.3652506904603844,1.0164326012461644,27.500102971482345
dyn_len_mean,R1,D2,0.14224471069079503,0.11981377599208165,0.9300118484440375,0.8423074250720457,6.538111989736154
dyn_len_mean,R1,D4,0.12881930267376335,0.09627510364415104,0.9269177727192827,0.7473655084748367,7.195488203089522
dyn_len_mean,R1,D8,0.061629740991761224,0.050295400267783896,0.7904857934820109,0.8160897556669511,12.826368905033764
dyn_len_mean,R2,D16,0.012289166616104734,0.0074447790589821095,0.014436543581848205,0.6058001564748792,1.1747373953681588
dyn_len_mean,R2,D2,0.08064051907299952,0.04146379566101355,0.09916311985061299,0.5141806642325629,1.2296934716013666
dyn_len_mean,R2,D4,0.07459284457319608,0.05422775096640331,0.11676890526037842,0.7269832820652252,1.5654169770372013
dyn_len_mean,R2,D8,0.035518463443007936,0.016313601866513427,0.045477537556961156,0.4592992006168802,1.2803914682270339
dyn_len_mean,R3,D16,0.012521350297808709,0.008608333680779512,0.01126598204862439,0.6874924409938445,0.8997417834876792
dyn_len_mean,R3,D2,0.1657621717916131,0.138663640052906,0.3479861967677911,0.836521617412362,2.0993100718133677
dyn_len_mean,R3,D4,0.07605042667715847,0.058887266382293024,0.12856874854670952,0.7743186850518966,1.6905723500079293
dyn_len_mean,R3,D8,0.032455191350244605,0.020237222181110237,0.03365365657471764,0.6235434560442891,1.0369267650139429
frac_rewired,R1,D16,0.009195316112227922,0.007450000000000002,0.08449,0.8101950937926973,9.188373620744292
frac_rewired,R1,D2,0.025074026684974833,0.01756,0.0965,0.7003262866639014,3.8486040240926247
frac_rewired,R1,D4,0.024839593769793028,0.009349999999999997,0.09550999999999998,0.3764151735593341,3.8450709333317654
frac_rewired,R1,D8,0.023683571254104658,0.01591000000000001,0.08651,0.6717736877305871,3.6527430374338814
frac_rewired,R2,D16,0.006855885761432315,0.004439999999999944,0.004689999999999972,0.6476187256469615,0.6840837439829436
frac_rewired,R2,D2,0.002574496497757016,0.0018499999999999905,0.0023000000000000242,0.7185871107658409,0.8933785701413298
frac_rewired,R2,D4,0.002719438259565522,0.002279999999999921,0.002419999999999922,0.8384084440895492,0.8898896643406641
frac_rewired,R2,D8,0.003994813399249048,0.0025700000000000167,0.0030799999999999994,0.6433341793844813,0.7709997169277002
frac_rewired,R3,D16,0.010509933892281291,0.007200000000000012,0.027870000000000006,0.6850661549153833,2.6517769079849587
frac_rewired,R3,D2,0.006089641841265942,0.00349999999999992,0.007230000000000042,0.574746445067174,1.1872619422387962
frac_rewired,R3,D4,0.010569637309540195,0.006589999999999957,0.011939999999999978,0.6234840238133619,1.1296508716739873
frac_rewired,R3,D8,0.011055977861199077,0.009610000000000063,0.01905000000000004,0.8692130285215504,1.7230497599724723
