rule,lmax,ratio,metric,n_pairs,spread,mean_sd,spread_over_sd,configs
R1,D16,0.25,diameter,2,1.3999999999999986,0.8210074701810827,1.7052219996137337,p1q0.25;p2q0.5
R1,D16,0.25,clustering,2,0.011074729830156449,0.0030767466293678773,3.59949360940123,p1q0.25;p2q0.5
R1,D16,0.25,H_norm,2,0.0002663470240771848,0.0013292258293993802,0.20037755675988897,p1q0.25;p2q0.5
R1,D16,0.25,k_max,2,0.6000000000000014,4.303419800746775,0.13942399946570005,p1q0.25;p2q0.5
R1,D16,0.25,modularity,2,0.003929152637486055,0.0022820213171449244,1.7217861235415122,p1q0.25;p2q0.5
R1,D16,0.25,assortativity,2,0.016305469131053296,0.006558980689773279,2.485976084130981,p1q0.25;p2q0.5
R1,D16,0.5,diameter,3,2.599999999999998,0.5679855234839727,4.577581456745286,p0.5q0.25;p1q0.5;p2q1
R1,D16,0.5,clustering,3,0.0233592161593959,0.0028127401425438597,8.304789982578939,p0.5q0.25;p1q0.5;p2q1
R1,D16,0.5,H_norm,3,0.006006885684395835,0.0010720374212518692,5.6032425410871465,p0.5q0.25;p1q0.5;p2q1
R1,D16,0.5,k_max,3,5.799999999999997,2.4366164596890534,2.3803500041775796,p0.5q0.25;p1q0.5;p2q1
R1,D16,0.5,modularity,3,0.009264867360473383,0.0019792256814024126,4.6810565604164,p0.5q0.25;p1q0.5;p2q1
R1,D16,0.5,assortativity,3,0.042496115374687976,0.004058699911687014,10.470376302598904,p0.5q0.25;p1q0.5;p2q1
R1,D16,1.0,diameter,4,6.0,0.8263632078358275,7.260729837807605,p0.25q0.25;p0.5q0.5;p1q1;p2q2
R1,D16,1.0,clustering,4,0.03937434964449216,0.003742573094844247,10.520662829200075,p0.25q0.25;p0.5q0.5;p1q1;p2q2
R1,D16,1.0,H_norm,4,0.024671860253829697,0.001850957697962439,13.329240468860437,p0.25q0.25;p0.5q0.5;p1q1;p2q2
R1,D16,1.0,k_max,4,9.700000000000003,2.447548518044632,3.9631492199179847,p0.25q0.25;p0.5q0.5;p1q1;p2q2
R1,D16,1.0,modularity,4,0.01816107948168555,0.0020291476662324956,8.950102441487218,p0.25q0.25;p0.5q0.5;p1q1;p2q2
R1,D16,1.0,assortativity,4,0.0814565743725414,0.003713897160365745,21.932910593711636,p0.25q0.25;p0.5q0.5;p1q1;p2q2
R1,D16,2.0,diameter,3,4.100000000000001,0.880258304916384,4.657723735295473,p0.25q0.5;p0.5q1;p1q2
R1,D16,2.0,clustering,3,0.030599177992180093,0.002925476691882483,10.459552823334977,p0.25q0.5;p0.5q1;p1q2
R1,D16,2.0,H_norm,3,0.023583116488531813,0.0011031607520148978,21.377769690825016,p0.25q0.5;p0.5q1;p1q2
R1,D16,2.0,k_max,3,4.0,2.5079708383597485,1.5949148765286527,p0.25q0.5;p0.5q1;p1q2
R1,D16,2.0,modularity,3,0.01762138098153243,0.0020133642025972095,8.752207354636143,p0.25q0.5;p0.5q1;p1q2
R1,D16,2.0,assortativity,3,0.06702570150597857,0.005334676642738301,12.564154492328168,p0.25q0.5;p0.5q1;p1q2
R1,D16,4.0,diameter,2,2.3000000000000007,0.7432913978351141,3.0943449725086345,p0.25q1;p0.5q2
R1,D16,4.0,clustering,2,0.01686269539527857,0.0034001138233591306,4.959450262938295,p0.25q1;p0.5q2
R1,D16,4.0,H_norm,2,0.016682768877795684,0.0019269491205664581,8.657607354412924,p0.25q1;p0.5q2
R1,D16,4.0,k_max,2,0.0,2.5624590962315876,0.0,p0.25q1;p0.5q2
R1,D16,4.0,modularity,2,0.012124334761758893,0.0027322437546172928,4.437501134834566,p0.25q1;p0.5q2
R1,D16,4.0,assortativity,2,0.03853564567968909,0.00538880447750445,7.151056573040652,p0.25q1;p0.5q2
R1,D2,0.25,diameter,2,3.6999999999999993,1.0648606752034235,3.4746329601223906,p1q0.25;p2q0.5
R1,D2,0.25,clustering,2,0.019003240967026158,0.005544775554026952,3.427233579044485,p1q0.25;p2q0.5
R1,D2,0.25,H_norm,2,0.005339101186375456,0.0018532512696921933,2.8809375575186995,p1q0.25;p2q0.5
R1,D2,0.25,k_max,2,37.10000000000001,23.98502839477493,1.5467982521997823,p1q0.25;p2q0.5
R1,D2,0.25,modularity,2,0.0019000984593408043,0.0021279241476043825,0.8929352399520141,p1q0.25;p2q0.5
R1,D2,0.25,assortativity,2,0.013819889203671998,0.007553870599643464,1.8295109800165605,p1q0.25;p2q0.5
R1,D2,0.5,diameter,3,5.699999999999999,1.1170696968382834,5.102635955601596,p0.5q0.25;p1q0.5;p2q1
R1,D2,0.5,clustering,3,0.03835717138831146,0.007547235941082041,5.082280677025214,p0.5q0.25;p1q0.5;p2q1
R1,D2,0.5,H_norm,3,0.014861563371693975,0.002333030034361041,6.370069460234869,p0.5q0.25;p1q0.5;p2q1
R1,D2,0.5,k_max,3,45.29999999999998,34.1638857700625,1.325961581328549,p0.5q0.25;p1q0.5;p2q1
R1,D2,0.5,modularity,3,0.009722694112845542,0.002399212421961254,4.052452389729482,p0.5q0.25;p1q0.5;p2q1
R1,D2,0.5,assortativity,3,0.03682760991272996,0.007537794132770698,4.885727742632457,p0.5q0.25;p1q0.5;p2q1
R1,D2,1.0,diameter,4,7.0,0.9302480574517947,7.524874622339901,p0.25q0.25;p0.5q0.5;p1q1;p2q2
R1,D2,1.0,clustering,4,0.05561947273466222,0.006225423479185553,8.934247271791813,p0.25q0.25;p0.5q0.5;p1q1;p2q2
R1,D2,1.0,H_norm,4,0.03216058198618696,0.00281140912025915,11.43931054161995,p0.25q0.25;p0.5q0.5;p1q1;p2q2
R1,D2,1.0,k_max,4,81.6,29.917065434939747,2.7275402454647315,p0.25q0.25;p0.5q0.5;p1q1;p2q2
R1,D2,1.0,modularity,4,0.021328144066931842,0.002505678231035303,8.51192455709663,p0.25q0.25;p0.5q0.5;p1q1;p2q2
R1,D2,1.0,assortativity,4,0.060109082634975455,0.012070479825395563,4.979842019909562,p0.25q0.25;p0.5q0.5;p1q1;p2q2
R1,D2,2.0,diameter,3,3.6000000000000014,0.870428031549198,4.135896213719909,p0.25q0.5;p0.5q1;p1q2
R1,D2,2.0,clustering,3,0.04331662475940812,0.007851480304410359,5.517001008723943,p0.25q0.5;p0.5q1;p1q2
R1,D2,2.0,H_norm,3,0.03201590340765356,0.002640873062792077,12.123226920193044,p0.25q0.5;p0.5q1;p1q2
R1,D2,2.0,k_max,3,51.69999999999999,41.37963087219254,1.2494069886626955,p0.25q0.5;p0.5q1;p1q2
R1,D2,2.0,modularity,3,0.01882214212835409,0.0028297127831986234,6.6516086862632395,p0.25q0.5;p0.5q1;p1q2
R1,D2,2.0,assortativity,3,0.05171343889025079,0.011606823336871887,4.455434306988246,p0.25q0.5;p0.5q1;p1q2
R1,D2,4.0,diameter,2,1.1000000000000014,1.0573738248330748,1.0403132498325802,p0.25q1;p0.5q2
R1,D2,4.0,clustering,2,0.01875068234719196,0.008223594374968191,2.2801078813258573,p0.25q1;p0.5q2
R1,D2,4.0,H_norm,2,0.021553939993203652,0.0029060301912538036,7.41697042861906,p0.25q1;p0.5q2
R1,D2,4.0,k_max,2,22.80000000000001,42.85677328395602,0.5320045876747208,p0.25q1;p0.5q2
R1,D2,4.0,modularity,2,0.009566105499438926,0.0025511503883899347,3.7497222989963457,p0.25q1;p0.5q2
R1,D2,4.0,assortativity,2,0.028181681913460627,0.013596592347485413,2.072701835373671,p0.25q1;p0.5q2
R1,D4,0.25,diameter,2,4.300000000000001,0.9985301965629159,4.306329457838348,p1q0.25;p2q0.5
R1,D4,0.25,clustering,2,0.018040775380894714,0.0050838434544768114,3.5486488800138174,p1q0.25;p2q0.5
R1,D4,0.25,H_norm,2,0.004728545433622278,0.0017361476475843793,2.723584851899794,p1q0.25;p2q0.5
R1,D4,0.25,k_max,2,51.69999999999999,30.81191379038577,1.6779223891030073,p1q0.25;p2q0.5
R1,D4,0.25,modularity,2,0.0016023579226609463,0.0016475217914384591,0.972586785187175,p1q0.25;p2q0.5
R1,D4,0.25,assortativity,2,0.006956584605780816,0.006811569320474526,1.0212895558253214,p1q0.25;p2q0.5
R1,D4,0.5,diameter,3,5.799999999999997,1.0129686061960246,5.725745067046639,p0.5q0.25;p1q0.5;p2q1
R1,D4,0.5,clustering,3,0.03249642683533838,0.006397413456029017,5.079619608564343,p0.5q0.25;p1q0.5;p2q1
R1,D4,0.5,H_norm,3,0.011565188456261671,0.0020280873774036873,5.702509953524374,p0.5q0.25;p1q0.5;p2q1
R1,D4,0.5,k_max,3,64.2,30.847231501835797,2.081224047486378,p0.5q0.25;p1q0.5;p2q1
R1,D4,0.5,modularity,3,0.008767480359147095,0.001844342413726919,4.753716172166957,p0.5q0.25;p1q0.5;p2q1
R1,D4,0.5,assortativity,3,0.02461515775477223,0.0096711845135587,2.5452060934482788,p0.5q0.25;p1q0.5;p2q1
R1,D4,1.0,diameter,4,7.5,0.9860093840717148,7.606418479537013,p0.25q0.25;p0.5q0.5;p1q1;p2q2
R1,D4,1.0,clustering,4,0.050539421941144136,0.007369067336431684,6.858320006289532,p0.25q0.25;p0.5q0.5;p1q1;p2q2
R1,D4,1.0,H_norm,4,0.033969249647341826,0.0028460439645486683,11.93560256639561,p0.25q0.25;p0.5q0.5;p1q1;p2q2
R1,D4,1.0,k_max,4,58.10000000000001,33.51244030449763,1.7336845503370442,p0.25q0.25;p0.5q0.5;p1q1;p2q2
R1,D4,1.0,modularity,4,0.021308135904499537,0.0021052943429305925,10.121214630177736,p0.25q0.25;p0.5q0.5;p1q1;p2q2
R1,D4,1.0,assortativity,4,0.062844058693545,0.011875595615195607,5.2918658339234685,p0.25q0.25;p0.5q0.5;p1q1;p2q2
R1,D4,2.0,diameter,3,4.100000000000001,1.1266302181997867,3.639170984203926,p0.25q0.5;p0.5q1;p1q2
R1,D4,2.0,clustering,3,0.040351977436965836,0.00865551346418284,4.6619969576554094,p0.25q0.5;p0.5q1;p1q2
R1,D4,2.0,H_norm,3,0.030453444694553272,0.003029645572939039,10.051817600898637,p0.25q0.5;p0.5q1;p1q2
R1,D4,2.0,k_max,3,37.400000000000006,30.862362481867205,1.2118320501864985,p0.25q0.5;p0.5q1;p1q2
R1,D4,2.0,modularity,3,0.017839584226099325,0.0021769565557128827,8.194735985559179,p0.25q0.5;p0.5q1;p1q2
R1,D4,2.0,assortativity,3,0.048572523558263025,0.010742126684904053,4.521685973646369,p0.25q0.5;p0.5q1;p1q2
R1,D4,4.0,diameter,2,1.2000000000000028,1.0935012309957828,1.0973924546086138,p0.25q1;p0.5q2
R1,D4,4.0,clustering,2,0.019703393746588027,0.007291262977820165,2.7023293229890686,p0.25q1;p0.5q2
R1,D4,4.0,H_norm,2,0.021138751116555637,0.002734741618887959,7.729706883662153,p0.25q1;p0.5q2
R1,D4,4.0,k_max,2,4.399999999999977,40.62550632125706,0.10830634245406813,p0.25q1;p0.5q2
R1,D4,4.0,modularity,2,0.012714664319967484,0.002775023216973896,4.581822682490042,p0.25q1;p0.5q2
R1,D4,4.0,assortativity,2,0.03424658031797273,0.014786525796139056,2.3160667211573753,p0.25q1;p0.5q2
R1,D8,0.25,diameter,2,3.3000000000000007,0.9453809496401159,3.4906563341013297,p1q0.25;p2q0.5
R1,D8,0.25,clustering,2,0.016284135578857883,0.005218477174197003,3.1204765365987477,p1q0.25;p2q0.5
R1,D8,0.25,H_norm,2,0.003249463402342556,0.0015483361346081612,2.098680854700133,p1q0.25;p2q0.5
R1,D8,0.25,k_max,2,23.599999999999994,16.018804231384838,1.473268519866277,p1q0.25;p2q0.5
R1,D8,0.25,modularity,2,0.004291241710029703,0.0025719714758682954,1.6684639585985235,p1q0.25;p2q0.5
R1,D8,0.25,assortativity,2,0.013945350129840314,0.006618004070228559,2.1071836737868157,p1q0.25;p2q0.5
R1,D8,0.5,diameter,3,5.099999999999998,1.0460227586116886,4.875610934860408,p0.5q0.25;p1q0.5;p2q1
R1,D8,0.5,clustering,3,0.028699406766653335,0.004460134587545858,6.434650390773271,p0.5q0.25;p1q0.5;p2q1
R1,D8,0.5,H_norm,3,0.010016408902037421,0.001782259424069987,5.620062246136896,p0.5q0.25;p1q0.5;p2q1
R1,D8,0.5,k_max,3,44.30000000000001,16.73213885386681,2.647599352772658,p0.5q0.25;p1q0.5;p2q1
R1,D8,0.5,modularity,3,0.010189998979695969,0.0018632529625191754,5.468929439360062,p0.5q0.25;p1q0.5;p2q1
R1,D8,0.5,assortativity,3,0.029890768112807345,0.0073954494601495375,4.041778430624682,p0.5q0.25;p1q0.5;p2q1
R1,D8,1.0,diameter,4,6.5,1.2254458735053673,5.304191837871109,p0.25q0.25;p0.5q0.5;p1q1;p2q2
R1,D8,1.0,clustering,4,0.053253773599676035,0.005655089782787486,9.416963416171685,p0.25q0.25;p0.5q0.5;p1q1;p2q2
R1,D8,1.0,H_norm,4,0.035275001611760365,0.0022971275219398116,15.356135554012411,p0.25q0.25;p0.5q0.5;p1q1;p2q2
R1,D8,1.0,k_max,4,39.500000000000014,16.402004444949036,2.408242244572977,p0.25q0.25;p0.5q0.5;p1q1;p2q2
R1,D8,1.0,modularity,4,0.02339333384348541,0.0024569043613505764,9.521467018205763,p0.25q0.25;p0.5q0.5;p1q1;p2q2
R1,D8,1.0,assortativity,4,0.08003754265048431,0.006682282412819493,11.977575580603697,p0.25q0.25;p0.5q0.5;p1q1;p2q2
R1,D8,2.0,diameter,3,4.299999999999997,0.951848452522924,4.517525860973585,p0.25q0.5;p0.5q1;p1q2
R1,D8,2.0,clustering,3,0.04054125235948097,0.006784025680889393,5.97598745442337,p0.25q0.5;p0.5q1;p1q2
R1,D8,2.0,H_norm,3,0.029524267262151432,0.002422419686419705,12.187924094106005,p0.25q0.5;p0.5q1;p1q2
R1,D8,2.0,k_max,3,13.700000000000003,15.110956176686614,0.9066269427170034,p0.25q0.5;p0.5q1;p1q2
R1,D8,2.0,modularity,3,0.016881411590653927,0.0020135736257418796,8.383806469671132,p0.25q0.5;p0.5q1;p1q2
R1,D8,2.0,assortativity,3,0.05846781072843499,0.007366552043170966,7.9369303828697655,p0.25q0.5;p0.5q1;p1q2
R1,D8,4.0,diameter,2,1.5,0.7905694150420948,1.8973665961010278,p0.25q1;p0.5q2
R1,D8,4.0,clustering,2,0.02033702771858359,0.00795261491761154,2.557275553924537,p0.25q1;p0.5q2
R1,D8,4.0,H_norm,2,0.02060935343697126,0.0026940597900374226,7.649924293879529,p0.25q1;p0.5q2
R1,D8,4.0,k_max,2,6.200000000000017,18.85880858641069,0.32875883816264106,p0.25q1;p0.5q2
R1,D8,4.0,modularity,2,0.011308617998163406,0.002877757762774952,3.9296629287027898,p0.25q1;p0.5q2
R1,D8,4.0,assortativity,2,0.03475644288530942,0.01056199769203799,3.290707297873211,p0.25q1;p0.5q2
R2,D16,0.25,diameter,2,0.10000000000000142,0.6537020448721144,0.1529748924367595,p1q0.25;p2q0.5
R2,D16,0.25,clustering,2,0.000651409211703452,0.0027008639685919354,0.24118549444867332,p1q0.25;p2q0.5
R2,D16,0.25,H_norm,2,0.0005213305286027592,0.0018425442169639128,0.2829405795546071,p1q0.25;p2q0.5
R2,D16,0.25,k_max,2,0.7000000000000011,1.2085330559116891,0.5792146078056073,p1q0.25;p2q0.5
R2,D16,0.25,modularity,2,8.52953780228205e-05,0.0021587704473868723,0.03951109212471758,p1q0.25;p2q0.5
R2,D16,0.25,assortativity,2,0.009230240657726714,0.007060844606223516,1.3072431376822917,p1q0.25;p2q0.5
R2,D16,0.5,diameter,3,0.0,0.610981002320251,0.0,p0.5q0.25;p1q0.5;p2q1
R2,D16,0.5,clustering,3,0.0010384251304254855,0.002541231581799597,0.40863065682904626,p0.5q0.25;p1q0.5;p2q1
R2,D16,0.5,H_norm,3,0.0014071879833850165,0.0014853811383055136,0.9473581878051193,p0.5q0.25;p1q0.5;p2q1
R2,D16,0.5,k_max,3,0.5,0.7797847437426939,0.6412025934236351,p0.5q0.25;p1q0.5;p2q1
R2,D16,0.5,modularity,3,0.0014423074176104222,0.0025548162009185853,0.5645444932953846,p0.5q0.25;p1q0.5;p2q1
R2,D16,0.5,assortativity,3,0.00041055766058435,0.007639136579671301,0.053743987465402224,p0.5q0.25;p1q0.5;p2q1
R2,D16,1.0,diameter,4,0.1999999999999993,0.7829956609483947,0.2554292571145944,p0.25q0.25;p0.5q0.5;p1q1;p2q2
R2,D16,1.0,clustering,4,0.003868470216058517,0.0028299658610693775,1.3669670964146237,p0.25q0.25;p0.5q0.5;p1q1;p2q2
R2,D16,1.0,H_norm,4,0.0005404194455144451,0.0012779154000096056,0.4228914101124245,p0.25q0.25;p0.5q0.5;p1q1;p2q2
R2,D16,1.0,k_max,4,0.7999999999999989,0.9575498073495315,0.8354656790275738,p0.25q0.25;p0.5q0.5;p1q1;p2q2
R2,D16,1.0,modularity,4,0.002514649015406434,0.0029980290560522225,0.8387673929744033,p0.25q0.25;p0.5q0.5;p1q1;p2q2
R2,D16,1.0,assortativity,4,0.0036928812805809424,0.0071035666393828405,0.5198629742004899,p0.25q0.25;p0.5q0.5;p1q1;p2q2
R2,D16,2.0,diameter,3,0.1999999999999993,0.6789956620243213,0.29455269184449573,p0.25q0.5;p0.5q1;p1q2
R2,D16,2.0,clustering,3,0.0029548408258407988,0.002079575128677796,1.4208867884083134,p0.25q0.5;p0.5q1;p1q2
R2,D16,2.0,H_norm,3,0.001319785005183871,0.0014780626301799235,0.8929154815470943,p0.25q0.5;p0.5q1;p1q2
R2,D16,2.0,k_max,3,0.3000000000000007,0.7693139065220017,0.3899578539484272,p0.25q0.5;p0.5q1;p1q2
R2,D16,2.0,modularity,3,0.0007603601673299432,0.002109754643832578,0.3604021773587253,p0.25q0.5;p0.5q1;p1q2
R2,D16,2.0,assortativity,3,0.003124845020055833,0.0059984292127542235,0.5209438853444496,p0.25q0.5;p0.5q1;p1q2
R2,D16,4.0,diameter,2,0.3000000000000007,0.7612392505643328,0.39409423486453227,p0.25q1;p0.5q2
R2,D16,4.0,clustering,2,0.004677926870514965,0.0034210044335925677,1.3674132733006836,p0.25q1;p0.5q2
R2,D16,4.0,H_norm,2,0.00034768709746521576,0.0011011285497691706,0.31575522906757925,p0.25q1;p0.5q2
R2,D16,4.0,k_max,2,0.7999999999999989,0.8537116159034079,0.9370845905070991,p0.25q1;p0.5q2
R2,D16,4.0,modularity,2,0.0015842266095293933,0.002870038081864089,0.5519880100338036,p0.25q1;p0.5q2
R2,D16,4.0,assortativity,2,0.0024894838127809543,0.007082669961746418,0.3514894561269528,p0.25q1;p0.5q2
R2,D2,0.25,diameter,2,0.1999999999999993,0.7277386522066411,0.27482393492988383,p1q0.25;p2q0.5
R2,D2,0.25,clustering,2,3.6537318889029446e-06,0.002755790400631538,0.0013258380927902308,p1q0.25;p2q0.5
R2,D2,0.25,H_norm,2,0.00031653869891598574,0.0014557949686197261,0.21743357116840678,p1q0.25;p2q0.5
R2,D2,0.25,k_max,2,0.09999999999999964,0.7325405387724181,0.13651121638616526,p1q0.25;p2q0.5
R2,D2,0.25,modularity,2,0.00016455463728193287,0.004926347910496566,0.03340296712120482,p1q0.25;p2q0.5
R2,D2,0.25,assortativity,2,0.0029135445091464235,0.008755456159409803,0.33276901352708305,p1q0.25;p2q0.5
R2,D2,0.5,diameter,3,0.5000000000000018,0.8392033253776926,0.595803168171398,p0.5q0.25;p1q0.5;p2q1
R2,D2,0.5,clustering,3,0.0005472014896010235,0.002745248697304971,0.199326745929509,p0.5q0.25;p1q0.5;p2q1
R2,D2,0.5,H_norm,3,0.0006312758504976312,0.0012018432075823848,0.5252564115809242,p0.5q0.25;p1q0.5;p2q1
R2,D2,0.5,k_max,3,0.5,1.1224481033700562,0.44545489319175824,p0.5q0.25;p1q0.5;p2q1
R2,D2,0.5,modularity,3,0.0012372232425263974,0.0040621259893790325,0.30457530016579537,p0.5q0.25;p1q0.5;p2q1
R2,D2,0.5,assortativity,3,0.00910540853844408,0.007098017183652013,1.2828101570978785,p0.5q0.25;p1q0.5;p2q1
R2,D2,1.0,diameter,4,0.8000000000000007,0.6694311022876319,1.195044564356479,p0.25q0.25;p0.5q0.5;p1q1;p2q2
R2,D2,1.0,clustering,4,0.004055934581758236,0.003338706301366338,1.2148222142505851,p0.25q0.25;p0.5q0.5;p1q1;p2q2
R2,D2,1.0,H_norm,4,0.00037758204579071974,0.0012963787036454782,0.29125906243981114,p0.25q0.25;p0.5q0.5;p1q1;p2q2
R2,D2,1.0,k_max,4,0.7000000000000011,0.9270253570385676,0.7551034010937832,p0.25q0.25;p0.5q0.5;p1q1;p2q2
R2,D2,1.0,modularity,4,0.004719442403836482,0.004499885099787628,1.0487917578293757,p0.25q0.25;p0.5q0.5;p1q1;p2q2
R2,D2,1.0,assortativity,4,0.003460187440967287,0.007779098551796872,0.4448057082614062,p0.25q0.25;p0.5q0.5;p1q1;p2q2
R2,D2,2.0,diameter,3,0.6000000000000014,0.8366068959239001,0.7171827090157992,p0.25q0.5;p0.5q1;p1q2
R2,D2,2.0,clustering,3,0.003838464999053187,0.003028915676867378,1.2672736413128134,p0.25q0.5;p0.5q1;p1q2
R2,D2,2.0,H_norm,3,0.0004575934526803993,0.0014047464785705375,0.3257480688942847,p0.25q0.5;p0.5q1;p1q2
R2,D2,2.0,k_max,3,0.6000000000000014,0.9237210950671324,0.6495467118853616,p0.25q0.5;p0.5q1;p1q2
R2,D2,2.0,modularity,3,0.004299846444240418,0.0037745693599090416,1.1391621226809394,p0.25q0.5;p0.5q1;p1q2
R2,D2,2.0,assortativity,3,0.006662091282257025,0.008884218976101433,0.7498792296968438,p0.25q0.5;p0.5q1;p1q2
R2,D2,4.0,diameter,2,0.10000000000000142,0.8835858006406392,0.11317520033424819,p0.25q1;p0.5q2
R2,D2,4.0,clustering,2,0.0025925591075590115,0.002902404231508283,0.8932453582496828,p0.25q1;p0.5q2
R2,D2,4.0,H_norm,2,0.0012767404157296713,0.000948247701140358,1.3464207866723745,p0.25q1;p0.5q2
R2,D2,4.0,k_max,2,0.0,0.6078018391372118,0.0,p0.25q1;p0.5q2
R2,D2,4.0,modularity,2,0.003530813692480428,0.003446741241893789,1.0243918660225406,p0.25q1;p0.5q2
R2,D2,4.0,assortativity,2,0.0021759551543142283,0.007008046022219123,0.31049384484852516,p0.25q1;p0.5q2
R2,D4,0.25,diameter,2,0.10000000000000142,0.5577507117866618,0.17929156859283607,p1q0.25;p2q0.5
R2,D4,0.25,clustering,2,0.003373525063172317,0.0023835912453880476,1.4153119037081832,p1q0.25;p2q0.5
R2,D4,0.25,H_norm,2,0.0005711062862039928,0.0013866717650828498,0.4118539805776393,p1q0.25;p2q0.5
R2,D4,0.25,k_max,2,0.1999999999999993,0.765189691767556,0.26137309761453753,p1q0.25;p2q0.5
R2,D4,0.25,modularity,2,0.0021285797367615045,0.0039852705750814425,0.5341117238239226,p1q0.25;p2q0.5
R2,D4,0.25,assortativity,2,0.002355078590237182,0.009779222546337691,0.24082472600228907,p1q0.25;p2q0.5
R2,D4,0.5,diameter,3,0.1999999999999993,0.7413303473631506,0.26978525931304764,p0.5q0.25;p1q0.5;p2q1
R2,D4,0.5,clustering,3,0.002295846689258585,0.002551835977971765,0.8996842701008378,p0.5q0.25;p1q0.5;p2q1
R2,D4,0.5,H_norm,3,0.0007371584660261499,0.0013623264768827907,0.5411026494272357,p0.5q0.25;p1q0.5;p2q1
R2,D4,0.5,k_max,3,1.1000000000000014,0.7311976405849543,1.5043812219087676,p0.5q0.25;p1q0.5;p2q1
R2,D4,0.5,modularity,3,0.0022805203550658737,0.004004917877066192,0.569429992091741,p0.5q0.25;p1q0.5;p2q1
R2,D4,0.5,assortativity,3,0.005689974464520832,0.007395935018433258,0.7693380823843672,p0.5q0.25;p1q0.5;p2q1
R2,D4,1.0,diameter,4,0.5,0.7183250771242669,0.6960636847062244,p0.25q0.25;p0.5q0.5;p1q1;p2q2
R2,D4,1.0,clustering,4,0.004505926818279715,0.003594192723934403,1.253668671764289,p0.25q0.25;p0.5q0.5;p1q1;p2q2
R2,D4,1.0,H_norm,4,0.00019916831099223153,0.0014073949929011467,0.14151557451662813,p0.25q0.25;p0.5q0.5;p1q1;p2q2
R2,D4,1.0,k_max,4,0.6999999999999993,0.7999923538740255,0.8750083630302148,p0.25q0.25;p0.5q0.5;p1q1;p2q2
R2,D4,1.0,modularity,4,0.003221212631364323,0.004227594014939382,0.7619493782944319,p0.25q0.25;p0.5q0.5;p1q1;p2q2
R2,D4,1.0,assortativity,4,0.010375534964763372,0.008723532690335406,1.1893730823360333,p0.25q0.25;p0.5q0.5;p1q1;p2q2
R2,D4,2.0,diameter,3,0.7000000000000011,0.5944166301573234,1.177625194999563,p0.25q0.5;p0.5q1;p1q2
R2,D4,2.0,clustering,3,0.0039651900974841114,0.003007977292407536,1.3182247444130264,p0.25q0.5;p0.5q1;p1q2
R2,D4,2.0,H_norm,3,0.0002194584741022909,0.001762476417295206,0.12451711237026596,p0.25q0.5;p0.5q1;p1q2
R2,D4,2.0,k_max,3,0.40000000000000036,1.2336573697226976,0.324239136260267,p0.25q0.5;p0.5q1;p1q2
R2,D4,2.0,modularity,3,0.0038991490664219697,0.003768221628852516,1.0347451531425245,p0.25q0.5;p0.5q1;p1q2
R2,D4,2.0,assortativity,3,0.003602172864187826,0.007951130416612264,0.4530390869531986,p0.25q0.5;p0.5q1;p1q2
R2,D4,4.0,diameter,2,0.10000000000000142,0.6117522803404347,0.1634648585933383,p0.25q1;p0.5q2
R2,D4,4.0,clustering,2,0.0007548567902686543,0.0018133291447035484,0.41628227973585114,p0.25q1;p0.5q2
R2,D4,4.0,H_norm,2,0.0009363546908034703,0.0016746899140795929,0.5591212336870671,p0.25q1;p0.5q2
R2,D4,4.0,k_max,2,0.3000000000000007,0.9148372658857704,0.3279271747959814,p0.25q1;p0.5q2
R2,D4,4.0,modularity,2,1.181512090608905e-06,0.003453051817428586,0.00034216459904987806,p0.25q1;p0.5q2
R2,D4,4.0,assortativity,2,0.005029560453203102,0.008100940073951853,0.6208613330415059,p0.25q1;p0.5q2
R2,D8,0.25,diameter,2,0.0,0.6749485577105525,0.0,p1q0.25;p2q0.5
R2,D8,0.25,clustering,2,0.0019407152063622701,0.002945254750197019,0.6589294886061888,p1q0.25;p2q0.5
R2,D8,0.25,H_norm,2,0.0006137995698509702,0.0012694520123605973,0.4835153781902989,p1q0.25;p2q0.5
R2,D8,0.25,k_max,2,1.1000000000000014,1.0252960122229262,1.0728608976202987,p1q0.25;p2q0.5
R2,D8,0.25,modularity,2,0.0005943398632792807,0.0029858176640323976,0.19905430610810124,p1q0.25;p2q0.5
R2,D8,0.25,assortativity,2,0.0022876488185948132,0.006322309811175851,0.36183750668956005,p1q0.25;p2q0.5
R2,D8,0.5,diameter,3,0.3000000000000007,0.5412106185870224,0.554312849188422,p0.5q0.25;p1q0.5;p2q1
R2,D8,0.5,clustering,3,0.004559064112358208,0.0031146382694572264,1.46375396368346,p0.5q0.25;p1q0.5;p2q1
R2,D8,0.5,H_norm,3,0.0004812718673520844,0.001809628747156877,0.265950608989946,p0.5q0.25;p1q0.5;p2q1
R2,D8,0.5,k_max,3,0.8999999999999986,0.8912786332594976,1.0097852303590023,p0.5q0.25;p1q0.5;p2q1
R2,D8,0.5,modularity,3,0.0019302285481073156,0.0035550219608933725,0.5429582628013504,p0.5q0.25;p1q0.5;p2q1
R2,D8,0.5,assortativity,3,0.008941735104918688,0.007504365917381076,1.1915377266197107,p0.5q0.25;p1q0.5;p2q1
R2,D8,1.0,diameter,4,0.3000000000000007,0.7225128014352507,0.4152175565665542,p0.25q0.25;p0.5q0.5;p1q1;p2q2
R2,D8,1.0,clustering,4,0.004438820016584799,0.00264434773693028,1.6786067711872312,p0.25q0.25;p0.5q0.5;p1q1;p2q2
R2,D8,1.0,H_norm,4,0.0010877314198929344,0.0015952201270111668,0.681869167442695,p0.25q0.25;p0.5q0.5;p1q1;p2q2
R2,D8,1.0,k_max,4,0.40000000000000036,1.0051208124217694,0.3979621106802354,p0.25q0.25;p0.5q0.5;p1q1;p2q2
R2,D8,1.0,modularity,4,0.004106179471482618,0.0024094231506031896,1.704216824867252,p0.25q0.25;p0.5q0.5;p1q1;p2q2
R2,D8,1.0,assortativity,4,0.004324390486456147,0.007029321439883041,0.6151931624467154,p0.25q0.25;p0.5q0.5;p1q1;p2q2
R2,D8,2.0,diameter,3,0.5999999999999979,0.5586331960742423,1.0740500282053733,p0.25q0.5;p0.5q1;p1q2
R2,D8,2.0,clustering,3,0.0054439852545115075,0.0027687787075025855,1.966204536231043,p0.25q0.5;p0.5q1;p1q2
R2,D8,2.0,H_norm,3,0.0007169839196447259,0.0017281419598353263,0.41488716570081247,p0.25q0.5;p0.5q1;p1q2
R2,D8,2.0,k_max,3,0.7000000000000011,1.2215093692174264,0.5730615070504649,p0.25q0.5;p0.5q1;p1q2
R2,D8,2.0,modularity,3,0.0032505116824814717,0.0024917861785151104,1.30449061420611,p0.25q0.5;p0.5q1;p1q2
R2,D8,2.0,assortativity,3,0.0036355956360496072,0.008692332664570337,0.4182531636033876,p0.25q0.5;p0.5q1;p1q2
R2,D8,4.0,diameter,2,0.09999999999999787,0.8205201703949243,0.12187390829388983,p0.25q1;p0.5q2
R2,D8,4.0,clustering,2,0.004772121290474357,0.0026606804474303344,1.7935717515732625,p0.25q1;p0.5q2
R2,D8,4.0,H_norm,2,0.000239618184933732,0.001835028177766661,0.13058011197700606,p0.25q1;p0.5q2
R2,D8,4.0,k_max,2,0.1999999999999993,0.883228343328964,0.22644200846882018,p0.25q1;p0.5q2
R2,D8,4.0,modularity,2,0.0007803775124985979,0.0023295138896864426,0.3349958615630484,p0.25q1;p0.5q2
R2,D8,4.0,assortativity,2,0.0008830952984943408,0.009204327149400206,0.09594349311583163,p0.25q1;p0.5q2
R3,D16,0.25,diameter,2,0.0,0.5270462766947299,0.0,p1q0.25;p2q0.5
R3,D16,0.25,clustering,2,0.00023691678256371196,0.0021840703224566163,0.10847488751975293,p1q0.25;p2q0.5
R3,D16,0.25,H_norm,2,0.000454934285242764,0.0013332442283800813,0.34122351746125196,p1q0.25;p2q0.5
R3,D16,0.25,k_max,2,0.1999999999999993,0.9364968447786841,0.21356185139872405,p1q0.25;p2q0.5
R3,D16,0.25,modularity,2,0.0005218613379875947,0.002209437239140739,0.23619649779712643,p1q0.25;p2q0.5
R3,D16,0.25,assortativity,2,0.0028928817910876467,0.011347057706706448,0.2549455432290494,p1q0.25;p2q0.5
R3,D16,0.5,diameter,3,0.3999999999999986,0.6051733260648882,0.6609676645878962,p0.5q0.25;p1q0.5;p2q1
R3,D16,0.5,clustering,3,0.00021401272583623787,0.0020172692306205933,0.1060903138697054,p0.5q0.25;p1q0.5;p2q1
R3,D16,0.5,H_norm,3,0.0004825939288652936,0.0012938656551036742,0.37298611873782567,p0.5q0.25;p1q0.5;p2q1
R3,D16,0.5,k_max,3,1.299999999999999,0.9304492441716729,1.3971745456758542,p0.5q0.25;p1q0.5;p2q1
R3,D16,0.5,modularity,3,0.0020032915166542375,0.0029124647035419994,0.6878337492701391,p0.5q0.25;p1q0.5;p2q1
R3,D16,0.5,assortativity,3,0.006080936525155137,0.009269919137222294,0.6559859298812905,p0.5q0.25;p1q0.5;p2q1
R3,D16,1.0,diameter,4,0.1999999999999993,0.46898399370757987,0.4264537866610069,p0.25q0.25;p0.5q0.5;p1q1;p2q2
R3,D16,1.0,clustering,4,0.0017823944806481806,0.002553429589758663,0.6980394085652635,p0.25q0.25;p0.5q0.5;p1q1;p2q2
R3,D16,1.0,H_norm,4,0.002076828026130101,0.001363672181449708,1.5229672163013865,p0.25q0.25;p0.5q0.5;p1q1;p2q2
R3,D16,1.0,k_max,4,0.6000000000000014,1.054515647185103,0.568981599847879,p0.25q0.25;p0.5q0.5;p1q1;p2q2
R3,D16,1.0,modularity,4,0.0013701841648812163,0.002293091036045053,0.5975271558535262,p0.25q0.25;p0.5q0.5;p1q1;p2q2
R3,D16,1.0,assortativity,4,0.007265643606672246,0.008139379775299337,0.892653225092331,p0.25q0.25;p0.5q0.5;p1q1;p2q2
R3,D16,2.0,diameter,3,1.0,0.6607842158182602,1.513353339957861,p0.25q0.5;p0.5q1;p1q2
R3,D16,2.0,clustering,3,0.0011122785267706492,0.002529192665266517,0.4397761159304332,p0.25q0.5;p0.5q1;p1q2
R3,D16,2.0,H_norm,3,0.0015800799210291538,0.0011693336740069748,1.3512652172366406,p0.25q0.5;p0.5q1;p1q2
R3,D16,2.0,k_max,3,0.8999999999999986,1.0055612691750493,0.8950225387443055,p0.25q0.5;p0.5q1;p1q2
R3,D16,2.0,modularity,3,0.0031515375982041904,0.0025412519168507178,1.2401515872183888,p0.25q0.5;p0.5q1;p1q2
R3,D16,2.0,assortativity,3,0.00823110795784052,0.010296366042552721,0.7994187389825766,p0.25q0.5;p0.5q1;p1q2
R3,D16,4.0,diameter,2,0.09999999999999787,0.7633377125596179,0.13100361524740953,p0.25q1;p0.5q2
R3,D16,4.0,clustering,2,0.0005959746332100391,0.0033762087604905424,0.17652185498252412,p0.25q1;p0.5q2
R3,D16,4.0,H_norm,2,0.0009137308979896286,0.0010316106653868835,0.8857323103061884,p0.25q1;p0.5q2
R3,D16,4.0,k_max,2,0.5000000000000018,0.9188514843616603,0.5441575798806694,p0.25q1;p0.5q2
R3,D16,4.0,modularity,2,0.0015810259157227335,0.002689242303008307,0.5879075730565919,p0.25q1;p0.5q2
R3,D16,4.0,assortativity,2,0.0030209035300649903,0.012243740751670382,0.24673043895125404,p0.25q1;p0.5q2
R3,D2,0.25,diameter,2,0.0,0.0,0.0,p1q0.25;p2q0.5
R3,D2,0.25,clustering,2,0.0004206959119312584,0.0017493683877915487,0.24048445991547646,p1q0.25;p2q0.5
R3,D2,0.25,H_norm,2,0.0006966569009507484,0.0015167785573582913,0.4593003359462611,p1q0.25;p2q0.5
R3,D2,0.25,k_max,2,0.5000000000000018,0.6959964076326176,0.7183945125531844,p1q0.25;p2q0.5
R3,D2,0.25,modularity,2,9.585756555574587e-06,0.004328069639265289,0.0022147879665822146,p1q0.25;p2q0.5
R3,D2,0.25,assortativity,2,0.008071515376529732,0.011531702729923578,0.6999413326520275,p1q0.25;p2q0.5
R3,D2,0.5,diameter,3,0.0,0.0,0.0,p0.5q0.25;p1q0.5;p2q1
R3,D2,0.5,clustering,3,0.0007241598030452434,0.0015076918715004302,0.48031021240737437,p0.5q0.25;p1q0.5;p2q1
R3,D2,0.5,H_norm,3,0.0005504759018216676,0.0012744020004880469,0.43194839745296737,p0.5q0.25;p1q0.5;p2q1
R3,D2,0.5,k_max,3,0.29999999999999716,1.179932415341655,0.25425185044444326,p0.5q0.25;p1q0.5;p2q1
R3,D2,0.5,modularity,3,0.0033404448525661268,0.0036947054425202582,0.9041166892826832,p0.5q0.25;p1q0.5;p2q1
R3,D2,0.5,assortativity,3,0.004945774991042609,0.007240337703112308,0.6830862307591861,p0.5q0.25;p1q0.5;p2q1
R3,D2,1.0,diameter,4,0.0,0.0,0.0,p0.25q0.25;p0.5q0.5;p1q1;p2q2
R3,D2,1.0,clustering,4,0.0027222198606346518,0.0018119195013001715,1.5023955858310922,p0.25q0.25;p0.5q0.5;p1q1;p2q2
R3,D2,1.0,H_norm,4,0.0016647593483053724,0.0011725359506628932,1.4197938642002412,p0.25q0.25;p0.5q0.5;p1q1;p2q2
R3,D2,1.0,k_max,4,0.4999999999999982,1.2398491299932797,0.4032748726473747,p0.25q0.25;p0.5q0.5;p1q1;p2q2
R3,D2,1.0,modularity,4,0.008884354657687887,0.004861093988499288,1.8276451100733924,p0.25q0.25;p0.5q0.5;p1q1;p2q2
R3,D2,1.0,assortativity,4,0.0032645226937269498,0.008355410528272956,0.39070763581041174,p0.25q0.25;p0.5q0.5;p1q1;p2q2
R3,D2,2.0,diameter,3,0.0,0.0,0.0,p0.25q0.5;p0.5q1;p1q2
R3,D2,2.0,clustering,3,0.0014147052792408132,0.001733652258433439,0.8160259777351011,p0.25q0.5;p0.5q1;p1q2
R3,D2,2.0,H_norm,3,0.0014447967925640404,0.0013719418631962502,1.053103510667761,p0.25q0.5;p0.5q1;p1q2
R3,D2,2.0,k_max,3,1.5,1.2780701535569612,1.1736444950423042,p0.25q0.5;p0.5q1;p1q2
R3,D2,2.0,modularity,3,0.009802380879502026,0.0040911008675960465,2.396025225665472,p0.25q0.5;p0.5q1;p1q2
R3,D2,2.0,assortativity,3,0.002750971765668582,0.008360654925406488,0.3290378313915201,p0.25q0.5;p0.5q1;p1q2
R3,D2,4.0,diameter,2,0.0,0.0,0.0,p0.25q1;p0.5q2
R3,D2,4.0,clustering,2,0.0011952155034507667,0.0019876933744901143,0.6013077865983052,p0.25q1;p0.5q2
R3,D2,4.0,H_norm,2,7.09793119004487e-05,0.0010084172466800722,0.07038684843414565,p0.25q1;p0.5q2
R3,D2,4.0,k_max,2,0.1999999999999993,1.1470136903939365,0.17436583510290118,p0.25q1;p0.5q2
R3,D2,4.0,modularity,2,0.006182991531476445,0.004759293132439236,1.299140725191586,p0.25q1;p0.5q2
R3,D2,4.0,assortativity,2,0.00122954965449424,0.008615519684249737,0.14271334748872,p0.25q1;p0.5q2
R3,D4,0.25,diameter,2,0.40000000000000036,0.42163702135578385,0.9486832980505148,p1q0.25;p2q0.5
R3,D4,0.25,clustering,2,0.0016186380874027365,0.002180736062646619,0.7422439217326922,p1q0.25;p2q0.5
R3,D4,0.25,H_norm,2,0.000346344205774507,0.0019367919221469684,0.17882365256386357,p1q0.25;p2q0.5
R3,D4,0.25,k_max,2,0.3999999999999986,1.4706992187395773,0.2719794740509944,p1q0.25;p2q0.5
R3,D4,0.25,modularity,2,0.00237267115600448,0.005031840640761522,0.47153145844567096,p1q0.25;p2q0.5
R3,D4,0.25,assortativity,2,0.0040343792096477205,0.007915318428549777,0.5096925974697506,p1q0.25;p2q0.5
R3,D4,0.5,diameter,3,0.3000000000000007,0.41808752228898144,0.7175531055256923,p0.5q0.25;p1q0.5;p2q1
R3,D4,0.5,clustering,3,0.0016065079103902216,0.001981434366575814,0.8107802799274567,p0.5q0.25;p1q0.5;p2q1
R3,D4,0.5,H_norm,3,0.0007785979343353233,0.001537258305233118,0.506484779873902,p0.5q0.25;p1q0.5;p2q1
R3,D4,0.5,k_max,3,0.8000000000000007,1.0518004351932784,0.7606005599845498,p0.5q0.25;p1q0.5;p2q1
R3,D4,0.5,modularity,3,0.002054057239057272,0.007342977077348854,0.27973085268010656,p0.5q0.25;p1q0.5;p2q1
R3,D4,0.5,assortativity,3,0.0055133748213620284,0.008987149498193158,0.6134731398949664,p0.5q0.25;p1q0.5;p2q1
R3,D4,1.0,diameter,4,0.09999999999999964,0.4997218355169851,0.20011132772804507,p0.25q0.25;p0.5q0.5;p1q1;p2q2
R3,D4,1.0,clustering,4,0.001887224697215327,0.0023400016400523887,0.8065057155998725,p0.25q0.25;p0.5q0.5;p1q1;p2q2
R3,D4,1.0,H_norm,4,0.0009165527381057026,0.0011449653459280323,0.8005069684993883,p0.25q0.25;p0.5q0.5;p1q1;p2q2
R3,D4,1.0,k_max,4,0.9000000000000004,1.0778991520914363,0.8349575173649036,p0.25q0.25;p0.5q0.5;p1q1;p2q2
R3,D4,1.0,modularity,4,0.006742819610243922,0.006620553611227342,1.0184676397468087,p0.25q0.25;p0.5q0.5;p1q1;p2q2
R3,D4,1.0,assortativity,4,0.010353046177356058,0.008882087247014447,1.1656096015985484,p0.25q0.25;p0.5q0.5;p1q1;p2q2
R3,D4,2.0,diameter,3,0.6999999999999993,0.3220305943597654,2.173706511928413,p0.25q0.5;p0.5q1;p1q2
R3,D4,2.0,clustering,3,0.0011493386743974404,0.002233024644506383,0.5147003985043369,p0.25q0.5;p0.5q1;p1q2
R3,D4,2.0,H_norm,3,0.0013327851342387897,0.0011997307200427463,1.110903565252795,p0.25q0.5;p0.5q1;p1q2
R3,D4,2.0,k_max,3,0.5999999999999996,0.6963738049680099,0.8616062174072766,p0.25q0.5;p0.5q1;p1q2
R3,D4,2.0,modularity,3,0.0007114651566166863,0.004392888446636749,0.16195839372187862,p0.25q0.5;p0.5q1;p1q2
R3,D4,2.0,assortativity,3,0.0029748823122484717,0.008908136986050894,0.3339511187251376,p0.25q0.5;p0.5q1;p1q2
R3,D4,4.0,diameter,2,0.1999999999999993,0.5050460841171891,0.39600346639573586,p0.25q1;p0.5q2
R3,D4,4.0,clustering,2,0.001054206611070363,0.0021367882492198354,0.49336035587768945,p0.25q1;p0.5q2
R3,D4,4.0,H_norm,2,0.00030398083122382125,0.0013691292162088867,0.2220249393739058,p0.25q1;p0.5q2
R3,D4,4.0,k_max,2,0.09999999999999787,1.0272129822906941,0.09735079455187275,p0.25q1;p0.5q2
R3,D4,4.0,modularity,2,0.00022097694112854782,0.0054937193179097985,0.040223558638708024,p0.25q1;p0.5q2
R3,D4,4.0,assortativity,2,3.4019908323561915e-05,0.010858974433447695,0.003132884098039145,p0.25q1;p0.5q2
R3,D8,0.25,diameter,2,0.0,0.0,0.0,p1q0.25;p2q0.5
R3,D8,0.25,clustering,2,0.00010487700912781284,0.0017168285078338285,0.061087644251748334,p1q0.25;p2q0.5
R3,D8,0.25,H_norm,2,0.0005672258427095456,0.0013160566459761943,0.43100412466577515,p1q0.25;p2q0.5
R3,D8,0.25,k_max,2,0.40000000000000213,1.1659612179305059,0.34306458383750726,p1q0.25;p2q0.5
R3,D8,0.25,modularity,2,0.0008534435261707829,0.007881847733151443,0.10827962618221576,p1q0.25;p2q0.5
R3,D8,0.25,assortativity,2,0.0011836039268301284,0.010043182485866414,0.11785148069307635,p1q0.25;p2q0.5
R3,D8,0.5,diameter,3,0.09999999999999964,0.21081851067789192,0.4743416490252553,p0.5q0.25;p1q0.5;p2q1
R3,D8,0.5,clustering,3,0.0014709563219717503,0.002191312739079525,0.6712671795946548,p0.5q0.25;p1q0.5;p2q1
R3,D8,0.5,H_norm,3,0.000948410722601517,0.0015045149226658701,0.6303764145595947,p0.5q0.25;p1q0.5;p2q1
R3,D8,0.5,k_max,3,0.5,1.1877022280638874,0.42098093965443384,p0.5q0.25;p1q0.5;p2q1
R3,D8,0.5,modularity,3,0.004192843077237107,0.004242567967868131,0.9882795299904151,p0.5q0.25;p1q0.5;p2q1
R3,D8,0.5,assortativity,3,0.006784421468799682,0.006916110210282849,0.980959132015078,p0.5q0.25;p1q0.5;p2q1
R3,D8,1.0,diameter,4,0.0,0.11785113019775792,0.0,p0.25q0.25;p0.5q0.5;p1q1;p2q2
R3,D8,1.0,clustering,4,0.001186340875842365,0.0017449412928047493,0.6798743778568549,p0.25q0.25;p0.5q0.5;p1q1;p2q2
R3,D8,1.0,H_norm,4,0.0005783182761246175,0.0012543508295472425,0.46104986141186777,p0.25q0.25;p0.5q0.5;p1q1;p2q2
R3,D8,1.0,k_max,4,0.5,1.4221645315781613,0.35157676126626164,p0.25q0.25;p0.5q0.5;p1q1;p2q2
R3,D8,1.0,modularity,4,0.0025617207427813815,0.006427434960746187,0.3985603523686191,p0.25q0.25;p0.5q0.5;p1q1;p2q2
R3,D8,1.0,assortativity,4,0.005463037196125238,0.007633306365515644,0.7156842571922893,p0.25q0.25;p0.5q0.5;p1q1;p2q2
R3,D8,2.0,diameter,3,0.1999999999999993,0.2108185106778919,0.9486832980505107,p0.25q0.5;p0.5q1;p1q2
R3,D8,2.0,clustering,3,0.0007680484939896204,0.0016299620240547146,0.4712063733110867,p0.25q0.5;p0.5q1;p1q2
R3,D8,2.0,H_norm,3,0.00020686024210694876,0.0012144115419941957,0.17033784261244897,p0.25q0.5;p0.5q1;p1q2
R3,D8,2.0,k_max,3,0.8000000000000007,1.00892825467589,0.7929206029193763,p0.25q0.5;p0.5q1;p1q2
R3,D8,2.0,modularity,3,0.00346386644219987,0.005235663250429442,0.6615907625296098,p0.25q0.5;p0.5q1;p1q2
R3,D8,2.0,assortativity,3,0.0015446115312708689,0.008511457367068981,0.18147438971462224,p0.25q0.5;p0.5q1;p1q2
R3,D8,4.0,diameter,2,0.09999999999999964,0.158113883008419,0.6324555320336734,p0.25q1;p0.5q2
R3,D8,4.0,clustering,2,0.001549596364419828,0.0016308739330172955,0.9501631812539335,p0.25q1;p0.5q2
R3,D8,4.0,H_norm,2,0.0006571419653519095,0.0009206389475193789,0.7137890126444787,p0.25q1;p0.5q2
R3,D8,4.0,k_max,2,0.20000000000000107,0.8661468566921874,0.23090772477521948,p0.25q1;p0.5q2
R3,D8,4.0,modularity,2,0.002715231098867399,0.004876568314051949,0.5567913590061674,p0.25q1;p0.5q2
R3,D8,4.0,assortativity,2,0.0005883896789083999,0.010270734464582742,0.057287984704247126,p0.25q1;p0.5q2
